db_lden,oppervlakte_overlap_m2,inwoners_overlap,inwoners,onbebouwde_bebouwbare_percelen,onbebouwde_onbebouwbare_percelen,bewoonde_niet_geïsoleerde_woning,bewoonde_geïsoleerde_woning,nieuwe_woning,perceel_eigendom_overheid,woning_eigendom_overheid,onbebouwbaar_naar_bebouwbaar,bebouwbaar_naar_onbebouwbaar,aantal_woning_transacties_per_jaar,aantal_transacties_niet_geïsoleerde_woningen,aantal_transacties_geïsoleerde_woningen,aantal_bebouwbare_perceel_transacties_per_jaar,aantal_vergunningen_nieuwbouw,aantal_vergunningen_renovatie,aantal_vergunningen_kwetsbare_groepen,jaarlijks_aantal_vergunningen_met_isolatie,jaarlijks_aantal_vergunningen_zonder_isolatie,aantal_vergunningen_sloop,aantal_nieuwe_percelen_verkaveling,inwoners_lnight45,inwoners_na70,oppervlakte_lnight45_m2,oppervlakte_na70_m2,gemiddelde_prijs_van_een_woning,gemiddelde_prijs_bebouwbaar_perceel,share_lnight45,share_na70,slopen_niet_geïsoleerde_woningen_baseline,slopen_niet_geïsoleerde_woningen_active,slopen_geïsoleerde_woningen_baseline,slopen_geïsoleerde_woningen_active,verkavelings_verbod_baseline,verkavelings_verbod_active,natuurlijke_woongebied_schrapping_baseline,natuurlijke_woongebied_schrapping_active,woongebiedverbod_baseline,woongebiedverbod_active,aankoopbeleid_percelen_baseline,aankoopbeleid_percelen_active,voorkooprecht_percelen_baseline,voorkooprecht_percelen_active,onteigening_percelen_baseline,onteigening_percelen_active,woningverbod_baseline,woningverbod_active,verbod_kwetsbare_groep_baseline,verbod_kwetsbare_groep_active,woonverdichtingsverbod_niet_geïsoleerde_woningen_baseline,woonverdichtingsverbod_niet_geïsoleerde_woningen_active,woonverdichtingsverbod_geïsoleerde_woningen_baseline,woonverdichtingsverbod_geïsoleerde_woningen_active,aankoopbeleid_niet_geïsoleerde_woningen_baseline,aankoopbeleid_niet_geïsoleerde_woningen_active,aankoopbeleid_geïsoleerde_woningen_baseline,aankoopbeleid_geïsoleerde_woningen_active,voorkooprecht_niet_geïsoleerde_woningen_baseline,voorkooprecht_niet_geïsoleerde_woningen_active,voorkooprecht_geïsoleerde_woningen_baseline,voorkooprecht_geïsoleerde_woningen_active,onteigening_niet_geïsoleerde_woningen_baseline,onteigening_niet_geïsoleerde_woningen_active,onteigening_geïsoleerde_woningen_baseline,onteigening_geïsoleerde_woningen_active,isolatievoorschriften_nieuwbouw_naar_niet_geïsoleerde_woning_baseline,isolatievoorschriften_nieuwbouw_naar_niet_geïsoleerde_woning_active,isolatievoorschriften_nieuwbouw_naar_geïsoleerde_woning_baseline,isolatievoorschriften_nieuwbouw_naar_geïsoleerde_woning_active,renovatie_zonder_maatregel_baseline,renovatie_zonder_maatregel_active,verplicht_isoleren_renovatie_baseline,verplicht_isoleren_renovatie_active,gesubsidieerd_isolatieprogramma_baseline,gesubsidieerd_isolatieprogramma_active,gestuurd_isolatieprogramma_baseline,gestuurd_isolatieprogramma_active,aanleg_geluidsbuffers_baseline,aanleg_geluidsbuffers_active
45,89682791.10773496,153722.74689830706,151176.31855039502,951,2853,49944.7979182051,5445.673574642375,0.0,0,0,0.6,4.4,9703.573802385998,8770.380057076707,933.1937453092893,199.60525594045623,949.3806195810804,530.8841304654368,20.028052890983666,106.17682609308736,424.7073043723494,345.7051328075742,122.37826286202312,0.0,0.0,0.0,0.0,309484.04137577995,258150.62682242267,0.0,0.0,0.001560309578030108,0.0,0.001560309578030108,0.0,0.12868376746795282,0.0,0.0046267087276551004,0.0,0.0002103049421661409,0.0,0,0.05247246475826925,0,0.1049449295165385,0,1.0,0.016850476113347588,0.0,0.021059992524693656,0,0.016850476113347588,0.0,0.016850476113347588,0.0,0,0.043900368119618845,0,0.04284106146458538,0,0.08780073623923769,0,0.08568212292917075,0,1.0,0,1.0,0.0,0.0,1.0,1.0,0,0.010629417929268008,0,0.010629417929268008,0,0.021258835858536017,0,1.0,0,0
46,70164856.34330037,159030.16090879,156920.350998259,571,1713,52862.43264734755,4647.759613018293,0.0,0,0,0.9999999999999999,3.9999999999999996,6942.525844332297,6417.047271931689,525.4785724006083,111.67423973859188,693.9087118527001,563.3252147250147,13.059587973373626,112.66504294500297,450.66017178001186,364.6899236412112,70.21842940569738,0.0,0.0,0.0,0.0,268712.6887041072,362381.0064274195,0.0,0.0,0.001585327353759099,0.0,0.001585327353759099,0.0,0.1229744823217117,0.0,0.007005253940455341,0.0,0.0005837711617046117,0.0,0,0.04889415049850783,0,0.09778830099701566,0,1.0,0.011947218795751512,0.0,0.022871432527799693,0,0.011947218795751512,0.0,0.011947218795751512,0.0,0,0.03034786213273933,0,0.028265154405186538,0,0.06069572426547866,0,0.056530308810373076,0,1.0,0,1.0,0.0,0.0,1.0,1.0,0,0.010656437596866446,0,0.010656437596866446,0,0.021312875193732893,0,1.0,0,0
47,58128808.472226694,122204.46353860998,122480.80237578799,688,2064,40947.71915822462,3896.406271485507,0.0,0,0,0.5999999999999999,2.0,5628.25571620806,5189.66332221865,438.59239398940895,104.62235738765159,387.47610857481385,437.8713020023199,7.4992528465912995,87.57426040046398,350.29704160185594,277.6833427938454,97.47261135810679,0.0,0.0,0.0,0.0,273768.88057277893,208069.19995532557,0.0,0.0,0.001548047487452362,0.0,0.001548047487452362,0.0,0.14167530720655055,0.0,0.0029069767441860465,0.0,0.0002906976744186046,0.0,0,0.03801684498097805,0,0.0760336899619561,0,1.0,0.008509949951116978,0.0,0.010900076811905959,0,0.008509949951116978,0.0,0.008509949951116978,0.0,0,0.03168469104570548,0,0.028140827946965815,0,0.06336938209141096,0,0.05628165589393163,0,1.0,0,1.0,0.0,0.0,1.0,1.0,0,0.010693423492291647,0,0.010693423492291647,0,0.021386846984583294,0,1.0,0,0
48,57247708.460219756,150296.58948617597,150467.60481648994,849,2547,48289.9415827437,4575.102188565456,0.0,0,0,0.20000000000000004,3.0000000000000004,6276.704645895884,5731.214324760826,545.4903211350554,104.14349771851079,368.7807023899057,528.6416337017688,7.336758913021356,105.72832674035375,422.913306961415,323.3252928294218,96.8432916074262,0.0,0.0,0.0,0.0,275856.9830230855,215840.06621434557,0.0,0.0,0.0015290126980132025,0.0,0.0015290126980132025,0.0,0.1140674812808318,0.0,0.00353356890459364,0.0,0.00007852375343541423,0.0,0,0.030666518762812362,0,0.061333037525624724,0,1.0,0.006865629107352487,0.0,0.008641647718517498,0,0.006865629107352487,0.0,0.006865629107352487,0.0,0,0.029670849336918964,0,0.029807548479375952,0,0.05934169867383793,0,0.059615096958751904,0,1.0,0,1.0,0.0,0.0,1.0,1.0,0,0.010947241110158594,0,0.010947241110158594,0,0.021894482220317188,0,1.0,0,0
49,44811521.23786366,130863.72423478599,129691.672527841,645,1935,43011.783251397734,3837.041223757776,0.0,0,0,0.0,2.8,5495.985965150011,5080.964883590367,415.02108155964305,66.42220505395719,488.59012313789276,479.04928523100705,9.054734935671792,95.80985704620144,383.2394281848058,277.80455480451093,89.68949397114866,0.0,0.0,0.0,0.0,277240.0095708486,196156.55152300265,0.0,0.0,0.0014824521101475768,0.0,0.0014824521101475768,0.0,0.1390534790250367,0.0,0.004341085271317829,0.0,0.0,0.0,0,0.025745040718588057,0,0.051490081437176115,0,1.0,0.010287445337098071,0.0,0.014038348737475647,0,0.010287445337098071,0.0,0.010287445337098071,0.0,0,0.029532400771974814,0,0.027040436716574773,0,0.05906480154394963,0,0.054080873433149546,0,1.0,0,1.0,0.0,0.0,1.0,1.0,0,0.011137629017402798,0,0.011137629017402798,0,0.022275258034805595,0,1.0,0,0
50,40989482.092915885,108663.1713361164,109369.3936097364,725,2175,34815.06387055769,3749.21388792409,0.0,0,0,0.0,4.199999999999999,4495.087239735062,4058.291199799105,436.79603993595697,89.15166269103338,433.36235601960783,404.1112899549657,8.093828716080198,80.82225799099318,323.2890319639727,216.5073224445527,75.55751838997442,0.0,0.0,0.0,0.0,297636.24620324036,170241.87101590625,0.0,0.0,0.001403548406899273,0.0,0.001403548406899273,0.0,0.1042172667447923,0.0,0.005793103448275861,0.0,0.0,0.0,0,0.030741952652080476,0,0.06148390530416095,0,1.0,0.011030041292272252,0.0,0.011163901677351998,0,0.011030041292272252,0.0,0.011030041292272252,0.0,0,0.029141776207045174,0,0.029125841642620144,0,0.05828355241409035,0,0.05825168328524029,0,1.0,0,1.0,0.0,0.0,1.0,1.0,0,0.011607368909545888,0,0.011607368909545888,0,0.023214737819091776,0,1.0,0,0
51,35941738.73064108,74629.06305632401,72049.404666246,543,1629,22858.013386037062,2623.790178212477,0.0,0,0,0.0,2.8000000000000003,3127.10424889789,2798.248009179,328.85623971889027,54.07982171216604,251.8970842564331,262.2116799989338,4.6623664817752974,52.44233599978675,209.769343999147,144.79465138138775,54.85231564825562,816.7661,0.0,1813582.1966006001,0.0,350028.052421763,126506.94174838532,0.011336194987085603,0.0,0.001420569103520323,0.0,0.001420569103520323,0.0,0.10101715588997351,0.0,0.005156537753222837,0.0,0.0,0.0,0,0.02489862878092359,0,0.04979725756184718,0,1.0,0.009679115680337582,0.0,0.008586310279512519,0,0.009679115680337582,0.0,0.009679115680337582,0.0,0,0.030604672001902016,0,0.03133408327099271,0,0.06120934400380403,0,0.06266816654198543,0,1.0,0,1.0,0.0,0.0,1.0,1.0,0,0.011471324107243159,0,0.011471324107243159,0,0.022942648214486317,0,1.0,0,0
52,28677523.504626624,62681.84174841301,63015.813068149,602,1806,19866.016878464714,2373.948256761301,0.0,0,0,0.0,1.4000000000000001,2979.0589955804016,2673.3389950911246,305.72000048927833,61.834992198043686,222.9808121581314,227.35097696084088,4.205965859613023,45.47019539216818,181.88078156867272,127.92869874275537,52.20749267051065,6259.185600000001,0.0,7006296.036343,0.0,344415.3729431867,177594.287934138,0.09932722114100075,0.0,0.0014380496772916287,0.0,0.0014380496772916287,0.0,0.08672340975167883,0.0,0.0023255813953488376,0.0,0.0,0.0,0,0.025678983470948373,0,0.051357966941896746,0,1.0,0.009761892675961528,0.0,0.006986654251848876,0,0.009761892675961528,0.0,0.009761892675961528,0.0,0,0.03364211119226792,0,0.03219531003029969,0,0.06728422238453584,0,0.06439062006059938,0,1.0,0,1.0,0.0,0.0,1.0,1.0,0,0.01144421543340655,0,0.01144421543340655,0,0.0228884308668131,0,1.0,0,0
53,30773880.287390366,84540.568806972,81017.257584021,764,2292,24673.449708797576,3138.3920899367145,0.0,0,0,0.0,3.6000000000000005,3980.4061226226518,3527.4871264813437,452.91899614130887,86.49170883053628,306.65385940217027,296.6094907962337,5.746164175227472,59.32189815924672,237.2875926369869,158.57277466159468,67.54486824144178,30845.28011452191,0.0,17947829.101362593,0.0,322722.4680305557,180544.18260302334,0.3807248114086437,0.0,0.0014254069885872435,0.0,0.0014254069885872435,0.0,0.0884095134050285,0.0,0.004712041884816755,0.0,0.0,0.0,0,0.028302260742976534,0,0.05660452148595307,0,1.0,0.010731227501957716,0.0,0.007521157297418157,0,0.010731227501957716,0.0,0.010731227501957716,0.0,0,0.03574173016049293,0,0.036078904671726496,0,0.07148346032098586,0,0.07215780934345299,0,1.0,0,1.0,0.0,0.0,1.0,1.0,0,0.012021403342333377,0,0.012021403342333377,0,0.024042806684666754,0,1.0,0,0
54,23208431.05285319,57121.76081474201,55351.414107606,471,1413,16926.219227291847,2295.169433015361,0.0,0,0,0.0,1.4,2709.2835781456224,2409.0476670400767,300.2359111055449,50.082160964958966,200.54353827654433,200.93396132270388,3.725954581841936,40.186792264540784,160.74716905816314,109.00765802733187,44.07414758430929,45157.87410208995,0.0,21507363.06063908,0.0,310731.41310074663,160923.09612956207,0.815839573932126,0.0,0.0014177911382182837,0.0,0.0014177911382182837,0.0,0.0935756848923764,0.0,0.0029723991507430996,0.0,0.0,0.0,0,0.026582887985647008,0,0.053165775971294016,0,1.0,0.010183809680781293,0.0,0.00791073159626738,0,0.010183809680781293,0.0,0.010183809680781293,0.0,0,0.03558159732380942,0,0.03270302257283673,0,0.07116319464761885,0,0.06540604514567346,0,1.0,0,1.0,0.0,0.0,1.0,1.0,0,0.011871166184514368,0,0.011871166184514368,0,0.023742332369028736,0,1.0,0,0
55,19799409.27265945,29852.163912623993,32344.637447064,432,1296,9647.708087837545,1628.984636201976,0.0,0,0,0.3999999999999999,1.2,1245.1633312755039,1065.727012736482,179.43631853902164,122.53019099975255,161.66135312485932,122.279639720989,3.0299385290801433,24.455927944197803,97.82371177679121,62.61319212100499,40.48519864660765,32342.150347064002,211.24915118623,19781186.095349453,84558.06527924,336978.0813588115,329898.31069401785,0.999923106264398,0.0065311955198745185,0.0013881107176824754,0.0,0.0013881107176824754,0.0,0.09371573760788808,0.0,0.002777777777777778,0.0,0.0003086419753086419,0.0,0,0.07090867534707902,0,0.14181735069415805,0,1.0,0.013806951547455575,0.0,0.007013746595092924,0,0.013806951547455575,0.0,0.013806951547455575,0.0,0,0.027616067024250006,0,0.02753806183178353,0,0.05523213404850001,0,0.05507612366356706,0,1.0,0,1.0,0.0,0.0,1.0,1.0,0,0.012674475492800381,0,0.012674475492800381,0,0.025348950985600763,0,1.0,0,0
56,14773390.0352845,18941.255483363002,17718.493526113,215,645,5330.600749373968,781.4000394407352,0.0,0,0,0.19999999999999998,1.5999999999999999,785.3880898414972,674.0677917422814,111.32029809921582,34.86449237791632,81.16430721070638,67.48230447689393,1.5500318510685271,13.496460895378785,53.98584358151514,33.05689556180948,16.792298697980723,17718.493526113,1209.5184446551102,14773390.0352845,1210320.5488485992,308718.4198962418,306244.2602842322,1.0,0.0682630519842196,0.0013521306976230034,0.0,0.0013521306976230034,0.0,0.07810371487432895,0.0,0.007441860465116279,0.0,0.0003100775193798449,0.0,0,0.04054010741618177,0,0.08108021483236354,0,1.0,0.012828243573826338,0.0,0.007209450470086173,0,0.012828243573826338,0.0,0.012828243573826338,0.0,0,0.0316131250226086,0,0.035615655387888814,0,0.0632262500452172,0,0.07123131077577763,0,1.0,0,1.0,0.5,0.0,1.0,1.0,0,0.0025318836525064885,0,0.010127534610025954,0,0.025318836525064885,0,1.0,0,0
57,11631715.336458178,11727.8419520153,11281.786266423002,103,309,3382.79777899983,534.8840936315701,0.0,0,0,0.0,0.4,409.55713416936817,344.0931241018915,65.46401006747676,8.657813614124876,37.134997714319,41.42371021252705,0.6741433800286916,8.28474204250541,33.13896817002164,20.850632551730673,8.105220877935238,11281.786266423002,1991.039309933774,11631715.336458178,3588114.601092458,326221.7028236315,251975.17753746558,1.0,0.17648262987037175,0.0013305465597775728,0.0,0.0013305465597775728,0.0,0.0786914648343227,0.0,0.0038834951456310682,0.0,0.0,0.0,0,0.02101411071389533,0,0.04202822142779066,0,1.0,0.009235995010472042,0.0,0.00654508135950186,0,0.009235995010472042,0.0,0.009235995010472042,0.0,0,0.025429625607389046,0,0.030597287733409674,0,0.05085925121477809,0,0.06119457546681935,0,1.0,0,1.0,0.5,0.0,1.0,1.0,0,0.002449079898874389,0,0.009796319595497555,0,0.024490798988743886,0,1.0,0,0
58,9747143.605800245,6422.131949745,6586.698285717,94,282,1944.6625374236012,417.35065986440014,0.0,0,0,0.0,0.4,356.6764255708763,289.8248108217307,66.8516147491457,12.787496290178616,24.20273477900536,24.042916893842342,0.3852388062228103,4.808583378768469,19.234333515073875,13.390985247907501,7.975609595355677,6586.698285717,2745.5092796406093,9747143.605800245,5538598.8427193,306654.5441735461,219995.18026193115,1.0,0.41682633096981836,0.0014173275220564668,0.0,0.0014173275220564668,0.0,0.08484691058889018,0.0,0.00425531914893617,0.0,0.0,0.0,0,0.034009298644092065,0,0.06801859728818413,0,1.0,0.009854480751866766,0.0,0.004098285172583089,0,0.009854480751866766,0.0,0.009854480751866766,0.0,0,0.03725901091375306,0,0.040045231251620766,0,0.07451802182750612,0,0.08009046250324153,0,1.0,0,1.0,0.5,0.0,1.0,1.0,0,0.002472708393477437,0,0.009890833573909748,0,0.024727083934774366,0,1.0,0,0
59,8352786.087568099,6345.640815754,6462.274662483,87,261,1765.2894353147835,369.8573387007781,0.0,0,0,0.2,1.0,344.294168270927,280.95983983215996,63.334328438767116,12.849819621509251,20.7762152195399,21.073752662197215,0.29788973883904335,4.214750532439442,16.85900212975777,12.042361879076706,7.853637224024919,6462.274662483,3791.503958679968,8352786.087568099,5732348.110808099,288130.98480691167,253624.7568983997,1.0,0.5867135268470868,0.0014100156984089536,0.0,0.0014100156984089536,0.0,0.09027169223017148,0.0,0.011494252873563218,0.0,0.0007662835249042146,0.0,0,0.03692476902732544,0,0.07384953805465087,0,1.0,0.009349614284026768,0.0,0.0034240199866556707,0,0.009349614284026768,0.0,0.009349614284026768,0.0,0,0.039789486388397785,0,0.04280997144821144,0,0.07957897277679557,0,0.08561994289642288,0,1.0,0,1.0,0.5,0.0,1.0,1.0,0,0.0023875691136665505,0,0.009550276454666202,0,0.023875691136665503,0,1.0,0,0
60,7055362.310703039,8907.032039958,8449.842022226,75,225,2462.691187671136,492.1416414563756,0.0,0,0,0.4,2.2,385.0761453338461,316.2190679616755,68.85707737217056,6.594512793969315,26.317517983835934,29.457106913547975,0.47157974866901115,5.891421382709594,23.565685530838376,16.00605925460495,6.366089888770423,8449.842022226,7076.591874381269,7055362.310703039,6270749.124286841,308428.6538620836,283614.0940524572,1.0,0.8374821512363653,0.0013542271407728961,0.0,0.0013542271407728961,0.0,0.08488119851693897,0.0,0.029333333333333336,0.0,0.0017777777777777779,0.0,0,0.02198170931323105,0,0.0439634186264621,0,1.0,0.008686128729885893,0.0,0.006287729982253482,0,0.008686128729885893,0.0,0.008686128729885893,0.0,0,0.03210096636808842,0,0.03497828245563843,0,0.06420193273617684,0,0.06995656491127686,0,1.0,0,1.0,0.5,0.0,1.0,1.0,0,0.0023922696488311497,0,0.009569078595324599,0,0.023922696488311496,0,1.0,0,0
61,5701392.782629999,7180.764539871001,7357.149702500001,72,216,2237.307378498292,380.3319672893838,0.0,0,0,0.6000000000000001,1.4,279.8491644377431,234.67406166844128,45.17510276930193,8.839701248572215,30.060943357287915,27.3753027034192,0.5062932765058911,5.475060540683843,21.90024216273537,14.03161332519674,6.161030825597417,7357.149702500001,6830.6129246195,5701392.782629999,5486341.28102,314750.49335230846,179575.76508700274,1.0,0.9284319608582138,0.001340101850525791,0.0,0.001340101850525791,0.0,0.0855698725777419,0.0,0.019444444444444445,0.0,0.0027777777777777783,0.0,0,0.030693407113097967,0,0.061386814226195935,0,1.0,0.01117657034738403,0.0,0.00703185106258182,0,0.01117657034738403,0.0,0.01117657034738403,0.0,0,0.026222823015266388,0,0.029694521269973528,0,0.052445646030532776,0,0.059389042539947055,0,1.0,0,1.0,0.5,0.0,1.0,1.0,0,0.0024471651027042907,0,0.009788660410817163,0,0.024471651027042907,0,1.0,0,0
62,4196356.4409993,4231.269343887,4247.520857553,62,186,1217.7291848032455,241.72258867385506,0.0,0,0,0.5999999999999999,1.3999999999999997,175.5601008593637,144.29798525979737,31.26211559956632,18.71227703455964,17.389231051035313,15.199587349471416,0.270585761127792,3.039917469894284,12.159669879577136,7.75892354079306,5.2623468600764065,4247.520857553,4002.4625819583,4196356.4409993,4136943.0305643,300602.0475030773,92729.53979397527,1.0,0.9423055745190906,0.0013290818651560603,0.0,0.0013290818651560603,0.0,0.08487656225929688,0.0,0.022580645161290318,0.0,0.0032258064516129024,0.0,0,0.07545272997806307,0,0.15090545995612614,0,1.0,0.011429367236067071,0.0,0.004364286469803097,0,0.011429367236067071,0.0,0.011429367236067071,0.0,0,0.029624399879007644,0,0.03233263776782031,0,0.05924879975801529,0,0.06466527553564062,0,1.0,0,1.0,0.5,0.0,1.0,1.0,0,0.0024963822070056224,0,0.00998552882802249,0,0.02496382207005622,0,1.0,0,0
63,3168953.4763376783,2849.465995982,2892.24123846,43,129,799.6753363937739,190.1934387575671,0.0,0,0,0.6,1.2,139.3993788101079,112.27877242072678,27.120606389381113,5.056681000159261,8.164809229283025,11.510002009869176,0.0922635577860562,2.3020004019738356,9.208001607895342,4.773900435138783,3.7420532229037913,2892.24123846,2850.2323097224003,3168953.4763376783,3160483.271917678,288803.9081038969,137050.0427153246,1.0,0.9854753026203416,0.0012056902275781206,0.0,0.0012056902275781206,0.0,0.08702449355590212,0.0,0.027906976744186046,0.0,0.004651162790697674,0.0,0,0.029399308140460823,0,0.058798616280921645,0,1.0,0.007904982148469613,0.0,0.0021456641345594467,0,0.007904982148469613,0.0,0.007904982148469613,0.0,0,0.035101361549757355,0,0.03564871449633812,0,0.07020272309951471,0,0.07129742899267624,0,1.0,0,1.0,0.5,0.0,1.0,1.0,0,0.0028786687511896582,0,0.011514675004758633,0,0.028786687511896582,0,1.0,0,0
64,2568910.793387,2707.0402693840006,2270.748265824,51,153,527.5501880813034,131.50264147796332,0.0,0,0,0.4,0.8,158.99147486917767,127.22793419975142,31.763540669426316,4.663786696395392,11.598387197529341,8.778831933754121,0.10589608916582345,1.7557663867508242,7.023065547003297,2.8881364764010136,4.822802575838832,2270.748265824,2270.748265824,2568910.793387,2568910.793387,261663.24683748442,76154.69014561464,1.0,1.0,0.0010955633398662512,0.0,0.0010955633398662512,0.0,0.09456475638899671,0.0,0.01568627450980392,0.0,0.0026143790849673205,0.0,0,0.022861699492134274,0,0.04572339898426855,0,1.0,0.01633454119847465,0.0,0.0020763939052122244,0,0.01633454119847465,0.0,0.01633454119847465,0.0,0,0.0602918627810932,0,0.06038574646188594,0,0.1205837255621864,0,0.12077149292377189,0,1.0,0,1.0,0.5,0.0,1.0,1.0,0,0.0033281504327323536,0,0.013312601730929415,0,0.03328150432732353,0,1.0,0,0
65,2031508.9372691,1472.472004523,1330.0,23,69,367.2,91.8,0.0,0,0,0.4000000000000001,0.8000000000000002,82.25532761746634,65.80426209397307,16.451065523493266,1.9147342995169083,4.924365622778463,6.1651769774368725,0.044780184831818025,1.2330353954873745,4.932141581949498,1.959128564309796,2.134106583854031,1330.0,1330.0,2031508.9372691,2031508.9372691,275304.565190768,221527.69017282705,1.0,1.0,0.0010670634881861634,0.0,0.0010670634881861634,0.0,0.09278724277626221,0.0,0.03478260869565218,0.0,0.005797101449275363,0.0,0,0.02081232934257509,0,0.04162465868515018,0,1.0,0.010216526188337061,0.0,0.0019469645579051314,0,0.010216526188337061,0.0,0.010216526188337061,0.0,0,0.04480137669796641,0,0.04480137669796641,0,0.08960275339593282,0,0.08960275339593282,0,1.0,0,1.0,0.5,0.0,1.0,1.0,0,0.0033579395301943753,0,0.013431758120777501,0,0.03357939530194375,0,1.0,0,0
66,1664296.7492571801,817.603325939,621.0,17,51,197.6,49.4,0.0,0,0,0.19999999999999998,0.7999999999999999,31.35102872608175,25.080822980865403,6.270205745216351,1.0650362318840578,2.9095527618762547,3.038245459138235,0.028543545228919574,0.6076490918276471,2.4305963673105886,1.1503673155762553,1.5123574579181271,621.0,621.0,1664296.7492571801,1664296.7492571801,271045.0646356914,219671.71287633956,1.0,1.0,0.0011643393882350762,0.0,0.0011643393882350762,0.0,0.08896220340694866,0.0,0.047058823529411764,0.0,0.00392156862745098,0.0,0,0.01566229752770673,0,0.03132459505541346,0,1.0,0.011021033188925207,0.0,0.0016790320722893867,0,0.011021033188925207,0.0,0.011021033188925207,0.0,0,0.03173181045149975,0,0.03173181045149975,0,0.0634636209029995,0,0.0634636209029995,0,1.0,0,1.0,0.5,0.0,1.0,1.0,0,0.0030751472258484162,0,0.012300588903393665,0,0.03075147225848416,0,1.0,0,0
67,1352440.6407746,311.628958829,286.0,7,21,96.80000000000003,24.200000000000006,0.0,0,0,0.0,0.19999999999999998,5.8056545008818015,4.644523600705442,1.1611309001763606,0.0,2.0703389830508474,1.2214601467270225,0.01779661016949153,0.24429202934540456,0.9771681173816182,0.9243000167897684,0.7118644067796611,286.0,286.0,1352440.6407746,1352440.6407746,395993.4146375401,0.0,1.0,1.0,0.0019097107784912565,0.0,0.0019097107784912565,0.0,0.10169491525423731,0.0,0.02857142857142857,0.0,0.0,0.0,0,0.0,0,0.0,0,1.0,0.016174523305084742,0.0,0.002542372881355933,0,0.016174523305084742,0.0,0.016174523305084742,0.0,0,0.011995153927441738,0,0.011995153927441738,0,0.023990307854883475,0,0.023990307854883475,0,1.0,0,1.0,0.5,0.0,1.0,1.0,0,0.002523677989105418,0,0.010094711956421672,0,0.02523677989105418,0,1.0,0,0
68,1180051.422665,177.333193521,150.0,7,21,57.60000000000001,14.400000000000002,0.0,0,0,0.0,0.0,4.453298081807054,3.5626384654456436,0.8906596163614109,0.08888888888888889,1.603316870580312,0.6633909441432262,0.014036367718037943,0.13267818882864527,0.5307127553145811,0.3769790373199388,0.6541699405095971,150.0,150.0,1180051.422665,1180051.422665,379686.98671862535,0.0,1.0,1.0,0.0013089549906942317,0.0,0.0013089549906942317,0.0,0.09345284864422816,0.0,0.0,0.0,0.0,0.0,0,0.0031746031746031746,0,0.006349206349206349,0,1.0,0.020295150260510274,0.0,0.0020051953882911345,0,0.020295150260510274,0.0,0.020295150260510274,0.0,0,0.015462840561830048,0,0.015462840561830048,0,0.030925681123660096,0,0.030925681123660096,0,1.0,0,1.0,0.5,0.0,1.0,1.0,0,0.0023034407782750906,0,0.009213763113100362,0,0.023034407782750906,0,1.0,0,0
69,1052798.6569939998,138.44421826599998,160.0,4,12,66.39999999999999,16.599999999999998,0.0,0,0,0.0,0.0,6.581362811114815,5.265090248891853,1.3162725622229632,0.08888888888888889,0.2490066225165563,0.5463194357142396,0.0026490066225165567,0.10926388714284792,0.43705554857139167,0.4945695559364493,0.29139072847682124,160.0,160.0,1052798.6569939998,1052798.6569939998,368163.91680613277,0.0,1.0,1.0,0.00148966733715798,0.0,0.00148966733715798,0.0,0.07284768211920531,0.0,0.0,0.0,0.0,0.0,0,0.005555555555555556,0,0.011111111111111112,0,1.0,0.0028621450863971993,0.0,0.0006622516556291392,0,0.0028621450863971993,0.0,0.0028621450863971993,0.0,0,0.019823381961189206,0,0.019823381961189206,0,0.03964676392237841,0,0.03964676392237841,0,1.0,0,1.0,0.5,0.0,1.0,1.0,0,0.0016455404690187943,0,0.006582161876075177,0,0.01645540469018794,0,1.0,0,0
70,922728.502266,83.90174316899999,73.0,4,12,32.800000000000004,8.200000000000001,0.0,0,0,0.0,0.0,2.93724836648056,2.349798693184448,0.587449673296112,0.17777777777777778,0.2490066225165563,0.2972163926584889,0.0026490066225165563,0.05944327853169779,0.23777311412679117,0.23702448758569974,0.29139072847682124,73.0,73.0,922728.502266,922728.502266,382640.98100663384,0.0,1.0,1.0,0.0014452712657664617,0.0,0.0014452712657664617,0.0,0.07284768211920531,0.0,0.0,0.0,0.0,0.0,0,0.011111111111111112,0,0.022222222222222223,0,1.0,0.005533480500367917,0.0,0.0006622516556291391,0,0.005533480500367917,0.0,0.005533480500367917,0.0,0,0.017910051015125363,0,0.017910051015125363,0,0.035820102030250725,0,0.035820102030250725,0,1.0,0,1.0,0.5,0.0,1.0,1.0,0,0.001812295077185908,0,0.007249180308743632,0,0.01812295077185908,0,1.0,0,0
71,669198.8829790001,59.898629074000006,11.0,0,0,9.6,2.4,0.0,0,0,0.0,0.0,0.6745075038813179,0.5396060031050544,0.1349015007762636,0.0,0.0,0.09119820284634166,0.0,0.018239640569268332,0.07295856227707333,0.06855221109274603,0.0,11.0,11.0,669198.8829790001,669198.8829790001,341709.9526357248,0.0,1.0,1.0,0.0014281710644322091,0.0,0.0014281710644322091,0.0,0.0,0.0,0.0,0.0,0.0,0.0,0,NaN,0,NaN,0,1.0,0.0,0.0,NaN,0,0.0,0.0,0.0,0.0,0,0.014052239664194124,0,0.014052239664194124,0,0.02810447932838825,0,0.02810447932838825,0,1.0,0,1.0,0.5,0.0,1.0,1.0,0,0.0018999625592987846,0,0.0075998502371951385,0,0.018999625592987845,0,1.0,0,0
72,486536.891463,51.520139799000006,0.0,0,0,1.6,0.4,0.0,0,0,0.0,0.0,0.0,0.0,0.0,0.0,0.0,0.011932979158152841,0.0,0.0023865958316305683,0.009546383326522273,0.012259910093992644,0.0,0.0,0.0,486536.891463,486536.891463,0.0,0.0,1.0,1.0,0.0015324887617490805,0.0,0.0015324887617490805,0.0,0.0,0.0,0.0,0.0,0.0,0.0,0,NaN,0,NaN,0,1.0,0.0,0.0,NaN,0,0.0,0.0,0.0,0.0,0,0.0,0,0.0,0,0.0,0,0.0,0,1.0,0,1.0,0.5,0.0,1.0,1.0,0,0.0014916223947691052,0,0.005966489579076421,0,0.014916223947691052,0,1.0,0,0
73,407429.69790200004,25.547856253000003,0.0,0,0,1.6,0.4,0.0,0,0,0.0,0.0,0.0,0.0,0.0,0.0,0.0,0.02085942190582383,0.0,0.004171884381164766,0.016687537524659065,0.009400463161506133,0.0,0.0,0.0,407429.69790200004,407429.69790200004,0.0,0.0,1.0,1.0,0.0011750578951882666,0.0,0.0011750578951882666,0.0,0.0,0.0,0.0,0.0,0.0,0.0,0,NaN,0,NaN,0,1.0,0.0,0.0,NaN,0,0.0,0.0,0.0,0.0,0,0.0,0,0.0,0,0.0,0,0.0,0,1.0,0,1.0,0.5,0.0,1.0,1.0,0,0.0026074277382279786,0,0.010429710952911914,0,0.026074277382279784,0,1.0,0,0
74,346519.47981318604,1.7973100780000002,0.0,0,0,0.8,0.2,0.0,0,0,0.0,0.0,0.0,0.0,0.0,0.0,0.0,0.005966489579076421,0.0,0.0011932979158152841,0.0047731916632611365,0.006129955046996322,0.0,0.0,0.0,346519.47981318604,346519.47981318604,0.0,0.0,1.0,1.0,0.0015324887617490805,0.0,0.0015324887617490805,0.0,0.0,0.0,0.0,0.0,0.0,0.0,0,NaN,0,NaN,0,1.0,0.0,0.0,NaN,0,0.0,0.0,0.0,0.0,0,0.0,0,0.0,0,0.0,0,0.0,0,1.0,0,1.0,0.5,0.0,1.0,1.0,0,0.0014916223947691052,0,0.005966489579076421,0,0.014916223947691052,0,1.0,0,0
75,1823856.700375,3.196208276,0.0,0,0,4.0,1.0,0.0,0,0,0.0,0.0,0.0,0.0,0.0,0.0,0.0,0.029832447895382103,0.0,0.005966489579076421,0.023865958316305683,0.030649775234981608,0.0,0.0,0.0,1823856.700375,1823856.700375,0.0,0.0,1.0,1.0,0.0015324887617490803,0.0,0.0015324887617490803,0.0,0.0,0.0,0.0,0.0,0.0,0.0,0,NaN,0,NaN,0,1.0,0.0,0.0,NaN,0,0.0,0.0,0.0,0.0,0,0.0,0,0.0,0,0.0,0,0.0,0,1.0,0,1.0,0.5,0.0,1.0,1.0,0,0.0014916223947691052,0,0.005966489579076421,0,0.014916223947691052,0,1.0,0,0
