measure_id,naam_mooi,help,hidden_in_ui,group_id,priority
verkavelingsverbod,Verkavelingsverbod,"# Verkavelingsverbod

#### Uitleg
Bij een verkavelingsverbod is het verboden om percelen op te splitsen in meerdere percelen.

#### Beoogd effect
Doordat er minder percelen zijn door het toepassen van deze maatregel wil men verhinderen dat er meer woningen gebouwd worden.

#### Type maatregel
bijkomende gehinderde personen vermijden

---

#### Instrument en kosten
- **Instrument:** Gewestelijk RUP/Decreetswijziging/Stedenbouwkundige verordening
- **Modelkost:** geen gekwantificeerde kost in het model (`0`)
- **Administratieve kost:** regulier beleid
",False,,1
woongebiedverbod,Verbod op het aanduiden van woongebied,"# Verbod op het aanduiden van woongebied

#### Uitleg
Bij een woongebiedverbod kiest de overheid ervoor om geen woongebied meer aan te duiden voor bepaalde zones.

#### Beoogd effect
Doordat er geen extra percelen bebouwbaar worden gemaakt, wil men bijkomende woningen voorkomen.

#### Type maatregel
bijkomende gehinderde personen vermijden

---

#### Instrument en kosten
- **Instrument:** Gewestelijk RUP/Decreetswijziging
- **Modelkost:** geen gekwantificeerde kost in het model (`0`)
- **Administratieve kost:** regulier beleid
",False,,2
aankoopbeleid_percelen,Aankoopbeleid van percelen,"# Aankoopbeleid van percelen

#### Uitleg
Hierbij worden onbebouwde percelen opgekocht wanneer deze publiek beschikbaar zijn op de markt.

#### Beoogd effect
Doordat er bebouwbare percelen worden opgekocht, wordt vermeden dat er meer gebouwd wordt.

#### Type maatregel
bijkomende gehinderde personen vermijden

---

#### Instrument en kosten
- **Instrument:** VLM Grondenbank
- **Modelkost (overheid):** `1,00 x` eenheidsprijs bebouwbaar perceel per aangekocht perceel
- **Administratieve kost:** regulier beleid, als het kan
- **Koststock:** `onbebouwde_bebouwbare_percelen`
",False,,3
voorkooprecht_percelen,Voorkooprecht op percelen,"# Voorkooprecht op percelen

#### Uitleg
Hierbij worden onbebouwde percelen opgekocht via voorkooprecht wanneer deze doorverkocht worden.

#### Beoogd effect
Doordat er bebouwbare percelen worden opgekocht, wordt vermeden dat er meer gebouwd wordt.

#### Type maatregel
bijkomende gehinderde personen vermijden

---

#### Instrument en kosten
- **Instrument:** decretaal voorkooprecht
- **Modelkost (overheid):** `1,00 x` eenheidsprijs bebouwbaar perceel per aangekocht perceel
- **Administratieve kost:** regulier beleid
- **Koststock:** `onbebouwde_bebouwbare_percelen`
",False,,4
onteigening_percelen,Onteigenen van percelen,"# Onteigenen van percelen

#### Uitleg
Hierbij worden onbebouwde percelen onteigend.

#### Beoogd effect
Doordat er minder percelen zijn door het toepassen van deze maatregel wil men verhinderen dat er meer woningen gebouwd worden.

#### Type maatregel
bijkomende gehinderde personen vermijden

---

#### Instrument en kosten
- **Instrument:** decretale basis of opdracht om te onteigenen
- **Modelkost (overheid):** `1,50 x` eenheidsprijs bebouwbaar perceel per onteigend perceel
- **Administratieve kost:** organiseren onteigening
- **Koststock:** `onbebouwde_bebouwbare_percelen`
",False,,5
woningverbod,Verbod op bouwen van nieuwe woningen op onbebouwde percelen,"# Verbod op bouwen van nieuwe woningen op onbebouwde percelen

#### Uitleg
Op onbebouwde (bebouwbare) percelen mogen geen nieuwe woningen meer gebouwd worden. De baseline-rate is gelijk aan die van woonverdichting: nieuwbouwvergunningen gedeeld door (bestaande woningen + bebouwbare percelen). Bij actief verbod is de rate 0 (transfer percelen naar nieuwe woning stopt).

#### Beoogd effect
Doordat er minder woningen gebouwd mogen worden, wil men verhinderen dat er meer inwoners op plaatsen komen wonen waar er veel geluidshinder is.

#### Type maatregel
bijkomende gehinderde personen vermijden

---

#### Instrument en kosten
- **Instrument:** Gewestelijk GRUP, bouwverbod
- **Modelkost (overheid):** planschade = verhinderde nieuwbouw x eenheidsprijs bebouwbaar perceel
- **Administratieve kost:** regulier beleid
- **Koststock:** `onbebouwde_bebouwbare_percelen`
",False,,6
verbod_kwetsbare_groep,Verbod op bijkomende kwetsbare groepen,"# Verbod op bijkomende kwetsbare groepen

#### Uitleg
Gebouwen die voor kwetsbare groepen bedoeld zijn mogen niet meer gebouwd worden (bijv. scholen).

#### Beoogd effect
Doordat er minder projecten gebouwd mogen worden, wil men verhinderen dat er meer kwetsbare groepen op plaatsen komen wonen waar er veel geluidshinder is.

#### Type maatregel
bijkomende gehinderde personen vermijden

---

#### Instrument en kosten
- **Instrument:** stedenbouwkundige verordening/exploitatievergunning
- **Modelkost:** geen gekwantificeerde kost in het model (`0`)
- **Administratieve kost:** regulier beleid
",False,,8
woonverdichtingsverbod_niet_geïsoleerde_woningen,Woonverdichtingsverbod niet-geïsoleerde woningen,"# Woonverdichtingsverbod niet-geïsoleerde woningen

#### Uitleg
Beperkt verdichting (growth) op bestaande niet-geïsoleerde woningen. Zelfde baseline-rate als woningverbod en het geïsoleerde verdichtingsverbod; active = 0.

#### Beoogd effect
Voorkomen van bijkomende woningen via verdichting in de geluidszone.

#### Type maatregel
bijkomende gehinderde personen vermijden

---

#### Instrument en kosten
- **Instrument:** stedenbouwkundige verordening / RUP
- **Modelkost (overheid):** verhinderde verdichting x eenheidsprijs woning
- **Administratieve kost:** regulier beleid
- **Koststock:** `bewoonde_niet_geïsoleerde_woning`
",False,woonverdichtingsverbod_woningen,9
woonverdichtingsverbod_geïsoleerde_woningen,Woonverdichtingsverbod geïsoleerde woningen,"# Woonverdichtingsverbod geïsoleerde woningen

#### Uitleg
Beperkt verdichting (growth) op bestaande geïsoleerde woningen. Zelfde baseline-rate als woningverbod en het niet-geïsoleerde verdichtingsverbod; active = 0.

#### Beoogd effect
Voorkomen van bijkomende woningen via verdichting in de geluidszone.

#### Type maatregel
bijkomende gehinderde personen vermijden

---

#### Instrument en kosten
- **Instrument:** stedenbouwkundige verordening / RUP
- **Modelkost (overheid):** verhinderde verdichting x eenheidsprijs woning
- **Administratieve kost:** regulier beleid
- **Koststock:** `bewoonde_geïsoleerde_woning`
",False,woonverdichtingsverbod_woningen,10
aankoopbeleid_niet_geïsoleerde_woningen,Aankoopbeleid niet-geïsoleerde woningen,"# Aankoopbeleid niet-geïsoleerde woningen

#### Uitleg
Hierbij worden woningen opgekocht wanneer deze publiek beschikbaar zijn op de markt.

#### Beoogd effect
Doordat er woningen worden opgekocht, wordt er vermeden dat er inwoners zich vestigen op een plaats waar er veel geluidshinder is.

#### Type maatregel
aantal gehinderde personen verminderen

---

#### Instrument en kosten
- **Instrument:** VLM Grondenbank
- **Modelkost (overheid):** `1,00 x` eenheidsprijs woning per aangekochte woning
- **Administratieve kost:** regulier beleid, als het kan
- **Koststock:** `bewoonde_niet_geïsoleerde_woning`
",False,aankoopbeleid_woningen,11
aankoopbeleid_geïsoleerde_woningen,Aankoopbeleid geïsoleerde woningen,"# Aankoopbeleid geïsoleerde woningen

#### Uitleg
Hierbij worden woningen opgekocht wanneer deze publiek beschikbaar zijn op de markt.

#### Beoogd effect
Doordat er woningen worden opgekocht, wordt er vermeden dat er inwoners zich vestigen op een plaats waar er veel geluidshinder is.

#### Type maatregel
aantal gehinderde personen verminderen

---

#### Instrument en kosten
- **Instrument:** VLM Grondenbank
- **Modelkost (overheid):** `1,00 x` eenheidsprijs woning per aangekochte woning
- **Administratieve kost:** regulier beleid, als het kan
- **Koststock:** `bewoonde_geïsoleerde_woning`
",False,aankoopbeleid_woningen,12
voorkooprecht_niet_geïsoleerde_woningen,Voorkooprecht niet-geïsoleerde woningen,"# Voorkooprecht niet-geïsoleerde woningen

#### Uitleg
Hierbij worden woningen opgekocht via voorkooprecht wanneer deze doorverkocht worden.

#### Beoogd effect
Doordat er woningen worden opgekocht, wordt er vermeden dat er inwoners zich vestigen op een plaats waar er veel geluidshinder is.

#### Type maatregel
aantal gehinderde personen verminderen

---

#### Instrument en kosten
- **Instrument:** decretaal voorkooprecht
- **Modelkost (overheid):** `1,00 x` eenheidsprijs woning per aangekochte woning
- **Administratieve kost:** regulier beleid
- **Koststock:** `bewoonde_niet_geïsoleerde_woning`
",False,voorkooprecht_woningen,13
voorkooprecht_geïsoleerde_woningen,Voorkooprecht geïsoleerde woningen,"# Voorkooprecht geïsoleerde woningen

#### Uitleg
Hierbij worden woningen opgekocht via voorkooprecht wanneer deze doorverkocht worden.

#### Beoogd effect
Doordat er woningen worden opgekocht, wordt er vermeden dat er inwoners zich vestigen op een plaats waar er veel geluidshinder is.

#### Type maatregel
aantal gehinderde personen verminderen

---

#### Instrument en kosten
- **Instrument:** decretaal voorkooprecht
- **Modelkost (overheid):** `1,00 x` eenheidsprijs woning per aangekochte woning
- **Administratieve kost:** regulier beleid
- **Koststock:** `bewoonde_geïsoleerde_woning`
",False,voorkooprecht_woningen,14
onteigening_niet_geïsoleerde_woningen,Onteigenen niet-geïsoleerde woningen,"# Onteigenen niet-geïsoleerde woningen

#### Uitleg
Hierbij worden woningen onteigend.

#### Beoogd effect
Doordat er woningen worden onteigend, wordt er vermeden dat er bijkomende inwoners zich vestigen op een plaats waar er veel geluidshinder is.

#### Type maatregel
aantal gehinderde personen verminderen

---

#### Instrument en kosten
- **Instrument:** onteigeningsplan
- **Modelkost (overheid):** `1,50 x` eenheidsprijs woning per onteigende woning
- **Administratieve kost:** organiseren onteigening
- **Koststock:** `bewoonde_niet_geïsoleerde_woning`
",False,onteigenen_woningen,15
onteigening_geïsoleerde_woningen,Onteigenen geïsoleerde woningen,"# Onteigenen geïsoleerde woningen

#### Uitleg
Hierbij worden woningen onteigend.

#### Beoogd effect
Doordat er woningen worden onteigend, wordt er vermeden dat er bijkomende inwoners zich vestigen op een plaats waar er veel geluidshinder is.

#### Type maatregel
aantal gehinderde personen verminderen

---

#### Instrument en kosten
- **Instrument:** onteigeningsplan
- **Modelkost (overheid):** `1,50 x` eenheidsprijs woning per onteigende woning
- **Administratieve kost:** organiseren onteigening
- **Koststock:** `bewoonde_geïsoleerde_woning`
",False,onteigenen_woningen,16
isolatievoorschriften_nieuwbouw_naar_niet_geïsoleerde_woning,Isolatievoorschriften nieuwbouw naar niet-geïsoleerde woning,"# Isolatievoorschriften nieuwbouw naar niet-geïsoleerde woning

#### Instrument en kosten
- **Instrument:** Gewestelijk GRUP/stedenbouwkundige verordening
- **Modelkost:** geen (stroom naar niet-geïsoleerd heeft geen isolatiekost)
- **Administratieve kost:** monitoring via as built
",False,isolatie_nieuwbouw,17
isolatievoorschriften_nieuwbouw_naar_geïsoleerde_woning,Isolatievoorschriften nieuwbouw naar geïsoleerde woning,"# Isolatievoorschriften nieuwbouw naar geïsoleerde woning

#### Uitleg
Bij het bouwen van een nieuwe woning zijn akoestische isolatievoorschriften opgelegd.

#### Beoogd effect
Doordat er geïsoleerd wordt, wordt het akoestisch binnencomfort verbeterd.

#### Type maatregel
akoestisch binnencomfort verbeteren

---

#### Instrument en kosten
- **Instrument:** Gewestelijk GRUP/stedenbouwkundige verordening
- **Modelkost (privé):** `0,10 x` eenheidsprijs woning per nieuwe geïsoleerde woning
- **Administratieve kost:** monitoring via as built
- **Koststock:** `bewoonde_geïsoleerde_woning`
",False,isolatie_nieuwbouw,18
renovatie_zonder_maatregel,Renovatie zonder maatregel,"# Renovatie zonder maatregel

#### Instrument en kosten
- **Instrument:** geen bijkomend instrument (referentiescenario)
- **Modelkost (privé):** `0,20 x` eenheidsprijs woning per akoestisch gerenoveerde woning
- **Administratieve kost:** regulier beleid
- **Koststock:** `bewoonde_niet_geïsoleerde_woning`
",True,,19
verplicht_isoleren_renovatie,Verplicht isoleren bij serieuze renovatie,"# Verplicht isoleren bij serieuze renovatie

#### Uitleg
Bij een grondige renovatie wordt een akoestische isolatie opgelegd.

#### Beoogd effect
Doordat er geïsoleerd wordt, wordt het akoestisch binnencomfort verbeterd.

#### Type maatregel
akoestisch binnencomfort verbeteren

---

#### Instrument en kosten
- **Instrument:** akoestische stedenbouwkundige verordening
- **Modelkost (privé):** `0,20 x` eenheidsprijs woning per verplicht geïsoleerde woning
- **Administratieve kost:** monitoring via as built
- **Koststock:** `bewoonde_niet_geïsoleerde_woning`
",False,,20
gesubsidieerd_isolatieprogramma,Gesubsidieerd isolatieprogramma,"# Gesubsidieerd isolatieprogramma

#### Uitleg
Akoestische isolaties worden gesubsidieerd.

#### Beoogd effect
Doordat er geïsoleerd wordt, wordt het akoestisch binnencomfort verbeterd.

#### Type maatregel
akoestisch binnencomfort verbeteren

---

#### Instrument en kosten
- **Instrument:** Gewestelijk isolatieprogramma en subsidieregeling
- **Modelkost:** `0,10 x` woningprijs overheid + `0,10 x` woningprijs privé per geïsoleerde woning
- **Administratieve kost:** 1 werkdag per dossier subsidie voor isolatie
- **Koststock:** `bewoonde_niet_geïsoleerde_woning`
",False,,21
gestuurd_isolatieprogramma,Gestuurd isolatieprogramma,"# Gestuurd isolatieprogramma

#### Uitleg
Niet alleen verplicht voor wie renoveert, maar voor iedereen met een niet-geïsoleerde woning. Een aannemer pakt straat per straat de akoestische isolatie aan.

#### Beoogd effect
Doordat er geïsoleerd wordt, wordt het akoestisch binnencomfort verbeterd.

#### Type maatregel
akoestisch binnencomfort verbeteren

---

#### Instrument en kosten
- **Instrument:** isolatieprogramma, past dit binnen gelijkheidsbeginsel?
- **Modelkost (overheid):** `0,15` (= 3/20) x eenheidsprijs woning per geïsoleerde woning
- **Administratieve kost:** 3 werkdagen per dossier isolatie
- **Koststock:** `bewoonde_niet_geïsoleerde_woning`
",False,,22
aanleg_geluidsbuffers,Aanleg van geluidsbuffers,"# Aanleg van geluidsbuffers

#### Instrument en kosten
- **Instrument:** geen instrument voor nodig
- **Modelkost:** nog niet gekwantificeerd in het model (open)
- **Administratieve kost:** -
",False,,23
