naam;jaar;zone;aantal
aantal_ernstig_gehinderden;2026;A;128.5842467162689
aantal_ernstig_gehinderden;2026;B;1378.4631358566949
aantal_ernstig_gehinderden;2026;C;9375.320325486147
aantal_ernstig_gehinderden;2026;D;20748.42025717062
aantal_ernstig_gehinderden;2026;E;81264.09017119557
aantal_ernstig_gehinderden;2026;F;90308.7313908613
aantal_ernstig_gehinderden;2026;Totaal;203203.6095272866
aantal_ernstig_gehinderden;2027;A;128.87202646878063
aantal_ernstig_gehinderden;2027;B;1395.3918963669348
aantal_ernstig_gehinderden;2027;C;9480.177346688419
aantal_ernstig_gehinderden;2027;D;21010.666356309084
aantal_ernstig_gehinderden;2027;E;82144.99403032067
aantal_ernstig_gehinderden;2027;F;91296.1088076428
aantal_ernstig_gehinderden;2027;Totaal;205456.21046379668
aantal_ernstig_gehinderden;2028;A;129.16339619431326
aantal_ernstig_gehinderden;2028;B;1412.6383314083018
aantal_ernstig_gehinderden;2028;C;9586.619666619517
aantal_ernstig_gehinderden;2028;D;21277.071884403562
aantal_ernstig_gehinderden;2028;E;83037.95045117008
aantal_ernstig_gehinderden;2028;F;92298.49006407971
aantal_ernstig_gehinderden;2028;Totaal;207741.93379387548
aantal_ernstig_gehinderden;2029;A;129.4585080047433
aantal_ernstig_gehinderden;2029;B;1430.2147406933511
aantal_ernstig_gehinderden;2029;C;9694.694730466468
aantal_ernstig_gehinderden;2029;D;21547.751747996677
aantal_ernstig_gehinderden;2029;E;83943.30104085589
aantal_ernstig_gehinderden;2029;F;93316.4191345659
aantal_ernstig_gehinderden;2029;Totaal;210061.83990258304
aantal_ernstig_gehinderden;2030;A;129.75752360899548
aantal_ernstig_gehinderden;2030;B;1448.1342093682547
aantal_ernstig_gehinderden;2030;C;9804.452580744344
aantal_ernstig_gehinderden;2030;D;21822.82655352917
aantal_ernstig_gehinderden;2030;E;84861.40713603588
aantal_ernstig_gehinderden;2030;F;94350.48295864018
aantal_ernstig_gehinderden;2030;Totaal;212417.06096192682
aantal_ernstig_gehinderden;2031;A;130.06061494579123
aantal_ernstig_gehinderden;2031;B;1466.4106662379024
aantal_ernstig_gehinderden;2031;C;9915.946031792288
aantal_ernstig_gehinderden;2031;D;22102.422969706313
aantal_ernstig_gehinderden;2031;E;85792.65122445051
aantal_ernstig_gehinderden;2031;F;95401.31570030027
aantal_ernstig_gehinderden;2031;Totaal;214808.80720743307
aantal_ernstig_gehinderden_brussel;2026;A;0.0
aantal_ernstig_gehinderden_brussel;2026;B;0.0
aantal_ernstig_gehinderden_brussel;2026;C;2120.2040226848803
aantal_ernstig_gehinderden_brussel;2026;D;7723.09867364245
aantal_ernstig_gehinderden_brussel;2026;E;50126.07139211
aantal_ernstig_gehinderden_brussel;2026;F;68465.69085074906
aantal_ernstig_gehinderden_brussel;2026;Totaal;128435.0649391864
aantal_ernstig_gehinderden_brussel;2027;A;0.0
aantal_ernstig_gehinderden_brussel;2027;B;0.0
aantal_ernstig_gehinderden_brussel;2027;C;2142.0641204053695
aantal_ernstig_gehinderden_brussel;2027;D;7817.4173092106275
aantal_ernstig_gehinderden_brussel;2027;E;50645.73620684076
aantal_ernstig_gehinderden_brussel;2027;F;69180.28069336351
aantal_ernstig_gehinderden_brussel;2027;Totaal;129785.49832982027
aantal_ernstig_gehinderden_brussel;2028;A;0.0
aantal_ernstig_gehinderden_brussel;2028;B;0.0
aantal_ernstig_gehinderden_brussel;2028;C;2164.1531468875564
aantal_ernstig_gehinderden_brussel;2028;D;7912.9144095695
aantal_ernstig_gehinderden_brussel;2028;E;51170.803613063
aantal_ernstig_gehinderden_brussel;2028;F;69903.01524803424
aantal_ernstig_gehinderden_brussel;2028;Totaal;131150.88641755428
aantal_ernstig_gehinderden_brussel;2029;A;0.0
aantal_ernstig_gehinderden_brussel;2029;B;0.0
aantal_ernstig_gehinderden_brussel;2029;C;2186.4735336192894
aantal_ernstig_gehinderden_brussel;2029;D;8009.604976379054
aantal_ernstig_gehinderden_brussel;2029;E;51701.32993375737
aantal_ernstig_gehinderden_brussel;2029;F;70633.9956424752
aantal_ernstig_gehinderden_brussel;2029;Totaal;132531.4040862309
aantal_ernstig_gehinderden_brussel;2030;A;0.0
aantal_ernstig_gehinderden_brussel;2030;B;0.0
aantal_ernstig_gehinderden_brussel;2030;C;2209.0277382415366
aantal_ernstig_gehinderden_brussel;2030;D;8107.504205114962
aantal_ernstig_gehinderden_brussel;2030;E;52237.37208068578
aantal_ernstig_gehinderden_brussel;2030;F;71373.32435972245
aantal_ernstig_gehinderden_brussel;2030;Totaal;133927.22838376474
aantal_ernstig_gehinderden_brussel;2031;A;0.0
aantal_ernstig_gehinderden_brussel;2031;B;0.0
aantal_ernstig_gehinderden_brussel;2031;C;2231.8182448328866
aantal_ernstig_gehinderden_brussel;2031;D;8206.627487601556
aantal_ernstig_gehinderden_brussel;2031;E;52778.9875605627
aantal_ernstig_gehinderden_brussel;2031;F;72121.10525747915
aantal_ernstig_gehinderden_brussel;2031;Totaal;135338.5385504763
aantal_ernstig_gehinderden_met_isolatie;2026;A;25.716849343253777
aantal_ernstig_gehinderden_met_isolatie;2026;B;275.692627171339
aantal_ernstig_gehinderden_met_isolatie;2026;C;1075.935644582838
aantal_ernstig_gehinderden_met_isolatie;2026;D;2635.1966548202386
aantal_ernstig_gehinderden_met_isolatie;2026;E;8733.907325422613
aantal_ernstig_gehinderden_met_isolatie;2026;F;7791.8926505599
aantal_ernstig_gehinderden_met_isolatie;2026;Totaal;20538.34175190018
aantal_ernstig_gehinderden_met_isolatie;2027;A;25.78345701197705
aantal_ernstig_gehinderden_met_isolatie;2027;B;279.4501197742684
aantal_ernstig_gehinderden_met_isolatie;2027;C;1089.3644002783285
aantal_ernstig_gehinderden_met_isolatie;2027;D;2676.6625319837804
aantal_ernstig_gehinderden_met_isolatie;2027;E;8863.515627305971
aantal_ernstig_gehinderden_met_isolatie;2027;F;7911.400872607634
aantal_ernstig_gehinderden_met_isolatie;2027;Totaal;20846.17700896196
aantal_ernstig_gehinderden_met_isolatie;2028;A;25.85143202762236
aantal_ernstig_gehinderden_met_isolatie;2028;B;283.3077379655552
aantal_ernstig_gehinderden_met_isolatie;2028;C;1103.1021579297062
aantal_ernstig_gehinderden_met_isolatie;2028;D;2719.322192608595
aantal_ernstig_gehinderden_met_isolatie;2028;E;8997.373261637305
aantal_ernstig_gehinderden_met_isolatie;2028;F;8035.909064178971
aantal_ernstig_gehinderden_met_isolatie;2028;Totaal;21164.865846347755
aantal_ernstig_gehinderden_met_isolatie;2029;A;25.920848079792627
aantal_ernstig_gehinderden_met_isolatie;2029;B;287.2708359634737
aantal_ernstig_gehinderden_met_isolatie;2029;C;1117.1635981592372
aantal_ernstig_gehinderden_met_isolatie;2029;D;2763.237356224661
aantal_ernstig_gehinderden_met_isolatie;2029;E;9135.740571706046
aantal_ernstig_gehinderden_met_isolatie;2029;F;8165.8352908224515
aantal_ernstig_gehinderden_met_isolatie;2029;Totaal;21495.168500955664
aantal_ernstig_gehinderden_met_isolatie;2030;A;25.99178364352086
aantal_ernstig_gehinderden_met_isolatie;2030;B;291.34514897984343
aantal_ernstig_gehinderden_met_isolatie;2030;C;1131.564353348519
aantal_ernstig_gehinderden_met_isolatie;2030;D;2808.473743325002
aantal_ernstig_gehinderden_met_isolatie;2030;E;9278.896781826732
aantal_ernstig_gehinderden_met_isolatie;2030;F;8301.638872084519
aantal_ernstig_gehinderden_met_isolatie;2030;Totaal;21837.910683208138
aantal_ernstig_gehinderden_met_isolatie;2031;A;26.064322295571817
aantal_ernstig_gehinderden_met_isolatie;2031;B;295.5368221457581
aantal_ernstig_gehinderden_met_isolatie;2031;C;1146.3210738365851
aantal_ernstig_gehinderden_met_isolatie;2031;D;2855.101349477315
aantal_ernstig_gehinderden_met_isolatie;2031;E;9427.14140999321
aantal_ernstig_gehinderden_met_isolatie;2031;F;8443.824616088006
aantal_ernstig_gehinderden_met_isolatie;2031;Totaal;22193.989593836446
aantal_ernstig_gehinderden_vlaanderen;2026;A;128.5842467162689
aantal_ernstig_gehinderden_vlaanderen;2026;B;1378.4631358566949
aantal_ernstig_gehinderden_vlaanderen;2026;C;7255.116302801267
aantal_ernstig_gehinderden_vlaanderen;2026;D;13025.32158352817
aantal_ernstig_gehinderden_vlaanderen;2026;E;31138.01877908557
aantal_ernstig_gehinderden_vlaanderen;2026;F;21843.040540112233
aantal_ernstig_gehinderden_vlaanderen;2026;Totaal;74768.54458810021
aantal_ernstig_gehinderden_vlaanderen;2027;A;128.87202646878063
aantal_ernstig_gehinderden_vlaanderen;2027;B;1395.3918963669348
aantal_ernstig_gehinderden_vlaanderen;2027;C;7338.11322628305
aantal_ernstig_gehinderden_vlaanderen;2027;D;13193.249047098456
aantal_ernstig_gehinderden_vlaanderen;2027;E;31499.2578234799
aantal_ernstig_gehinderden_vlaanderen;2027;F;22115.828114279277
aantal_ernstig_gehinderden_vlaanderen;2027;Totaal;75670.7121339764
aantal_ernstig_gehinderden_vlaanderen;2028;A;129.16339619431326
aantal_ernstig_gehinderden_vlaanderen;2028;B;1412.6383314083018
aantal_ernstig_gehinderden_vlaanderen;2028;C;7422.466519731962
aantal_ernstig_gehinderden_vlaanderen;2028;D;13364.157474834063
aantal_ernstig_gehinderden_vlaanderen;2028;E;31867.14683810708
aantal_ernstig_gehinderden_vlaanderen;2028;F;22395.474816045476
aantal_ernstig_gehinderden_vlaanderen;2028;Totaal;76591.04737632119
aantal_ernstig_gehinderden_vlaanderen;2029;A;129.4585080047433
aantal_ernstig_gehinderden_vlaanderen;2029;B;1430.2147406933511
aantal_ernstig_gehinderden_vlaanderen;2029;C;7508.221196847178
aantal_ernstig_gehinderden_vlaanderen;2029;D;13538.146771617621
aantal_ernstig_gehinderden_vlaanderen;2029;E;32241.97110709852
aantal_ernstig_gehinderden_vlaanderen;2029;F;22682.423492090704
aantal_ernstig_gehinderden_vlaanderen;2029;Totaal;77530.43581635212
aantal_ernstig_gehinderden_vlaanderen;2030;A;129.75752360899548
aantal_ernstig_gehinderden_vlaanderen;2030;B;1448.1342093682547
aantal_ernstig_gehinderden_vlaanderen;2030;C;7595.424842502807
aantal_ernstig_gehinderden_vlaanderen;2030;D;13715.322348414205
aantal_ernstig_gehinderden_vlaanderen;2030;E;32624.035055350105
aantal_ernstig_gehinderden_vlaanderen;2030;F;22977.15859891772
aantal_ernstig_gehinderden_vlaanderen;2030;Totaal;78489.83257816208
aantal_ernstig_gehinderden_vlaanderen;2031;A;130.06061494579123
aantal_ernstig_gehinderden_vlaanderen;2031;B;1466.4106662379024
aantal_ernstig_gehinderden_vlaanderen;2031;C;7684.127786959401
aantal_ernstig_gehinderden_vlaanderen;2031;D;13895.795482104759
aantal_ernstig_gehinderden_vlaanderen;2031;E;33013.66366388781
aantal_ernstig_gehinderden_vlaanderen;2031;F;23280.210442821124
aantal_ernstig_gehinderden_vlaanderen;2031;Totaal;79470.26865695679
aantal_ernstig_gehinderden_zonder_isolatie;2026;A;102.86739737301511
aantal_ernstig_gehinderden_zonder_isolatie;2026;B;1102.770508685356
aantal_ernstig_gehinderden_zonder_isolatie;2026;C;8299.384680903311
aantal_ernstig_gehinderden_zonder_isolatie;2026;D;18113.223602350383
aantal_ernstig_gehinderden_zonder_isolatie;2026;E;72530.18284577296
aantal_ernstig_gehinderden_zonder_isolatie;2026;F;82516.83874030139
aantal_ernstig_gehinderden_zonder_isolatie;2026;Totaal;182665.26777538643
aantal_ernstig_gehinderden_zonder_isolatie;2027;A;103.08856945680358
aantal_ernstig_gehinderden_zonder_isolatie;2027;B;1115.9417765926664
aantal_ernstig_gehinderden_zonder_isolatie;2027;C;8390.812946410091
aantal_ernstig_gehinderden_zonder_isolatie;2027;D;18334.003824325304
aantal_ernstig_gehinderden_zonder_isolatie;2027;E;73281.47840301468
aantal_ernstig_gehinderden_zonder_isolatie;2027;F;83384.70793503514
aantal_ernstig_gehinderden_zonder_isolatie;2027;Totaal;184610.0334548347
aantal_ernstig_gehinderden_zonder_isolatie;2028;A;103.31196416669091
aantal_ernstig_gehinderden_zonder_isolatie;2028;B;1129.3305934427465
aantal_ernstig_gehinderden_zonder_isolatie;2028;C;8483.51750868981
aantal_ernstig_gehinderden_zonder_isolatie;2028;D;18557.74969179497
aantal_ernstig_gehinderden_zonder_isolatie;2028;E;74040.57718953276
aantal_ernstig_gehinderden_zonder_isolatie;2028;F;84262.58099990073
aantal_ernstig_gehinderden_zonder_isolatie;2028;Totaal;186577.0679475277
aantal_ernstig_gehinderden_zonder_isolatie;2029;A;103.53765992495067
aantal_ernstig_gehinderden_zonder_isolatie;2029;B;1142.9439047298772
aantal_ernstig_gehinderden_zonder_isolatie;2029;C;8577.531132307231
aantal_ernstig_gehinderden_zonder_isolatie;2029;D;18784.514391772012
aantal_ernstig_gehinderden_zonder_isolatie;2029;E;74807.56046914984
aantal_ernstig_gehinderden_zonder_isolatie;2029;F;85150.58384374347
aantal_ernstig_gehinderden_zonder_isolatie;2029;Totaal;188566.6714016274
aantal_ernstig_gehinderden_zonder_isolatie;2030;A;103.76573996547464
aantal_ernstig_gehinderden_zonder_isolatie;2030;B;1156.7890603884114
aantal_ernstig_gehinderden_zonder_isolatie;2030;C;8672.888227395824
aantal_ernstig_gehinderden_zonder_isolatie;2030;D;19014.35281020416
aantal_ernstig_gehinderden_zonder_isolatie;2030;E;75582.51035420915
aantal_ernstig_gehinderden_zonder_isolatie;2030;F;86048.84408655565
aantal_ernstig_gehinderden_zonder_isolatie;2030;Totaal;190579.15027871868
aantal_ernstig_gehinderden_zonder_isolatie;2031;A;103.99629265021942
aantal_ernstig_gehinderden_zonder_isolatie;2031;B;1170.8738440921443
aantal_ernstig_gehinderden_zonder_isolatie;2031;C;8769.624957955704
aantal_ernstig_gehinderden_zonder_isolatie;2031;D;19247.321620229002
aantal_ernstig_gehinderden_zonder_isolatie;2031;E;76365.5098144573
aantal_ernstig_gehinderden_zonder_isolatie;2031;F;86957.49108421226
aantal_ernstig_gehinderden_zonder_isolatie;2031;Totaal;192614.81761359662
bewoonde_geïsoleerde_woning_brussel;2026;A;0.0
bewoonde_geïsoleerde_woning_brussel;2026;B;0.0
bewoonde_geïsoleerde_woning_brussel;2026;C;100.0922776551448
bewoonde_geïsoleerde_woning_brussel;2026;D;476.07676783945925
bewoonde_geïsoleerde_woning_brussel;2026;E;4161.113845849942
bewoonde_geïsoleerde_woning_brussel;2026;F;9696.582871469407
bewoonde_geïsoleerde_woning_brussel;2026;Totaal;14433.865762813954
bewoonde_geïsoleerde_woning_brussel;2027;A;0.0
bewoonde_geïsoleerde_woning_brussel;2027;B;0.0
bewoonde_geïsoleerde_woning_brussel;2027;C;101.1251989792608
bewoonde_geïsoleerde_woning_brussel;2027;D;481.96973157243974
bewoonde_geïsoleerde_woning_brussel;2027;E;4204.342544119096
bewoonde_geïsoleerde_woning_brussel;2027;F;9802.603392910201
bewoonde_geïsoleerde_woning_brussel;2027;Totaal;14590.040867580998
bewoonde_geïsoleerde_woning_brussel;2028;A;0.0
bewoonde_geïsoleerde_woning_brussel;2028;B;0.0
bewoonde_geïsoleerde_woning_brussel;2028;C;102.16894211132853
bewoonde_geïsoleerde_woning_brussel;2028;D;487.9372054713001
bewoonde_geïsoleerde_woning_brussel;2028;E;4248.021680291792
bewoonde_geïsoleerde_woning_brussel;2028;F;9909.894985624775
bewoonde_geïsoleerde_woning_brussel;2028;Totaal;14748.022813499196
bewoonde_geïsoleerde_woning_brussel;2029;A;0.0
bewoonde_geïsoleerde_woning_brussel;2029;B;0.0
bewoonde_geïsoleerde_woning_brussel;2029;C;103.22362197557374
bewoonde_geïsoleerde_woning_brussel;2029;D;493.9801478314059
bewoonde_geïsoleerde_woning_brussel;2029;E;4292.155961735954
bewoonde_geïsoleerde_woning_brussel;2029;F;10018.474225514103
bewoonde_geïsoleerde_woning_brussel;2029;Totaal;14907.833957057037
bewoonde_geïsoleerde_woning_brussel;2030;A;0.0
bewoonde_geïsoleerde_woning_brussel;2030;B;0.0
bewoonde_geïsoleerde_woning_brussel;2030;C;104.28935473134365
bewoonde_geïsoleerde_woning_brussel;2030;D;500.099529438216
bewoonde_geïsoleerde_woning_brussel;2030;E;4336.750145156867
bewoonde_geïsoleerde_woning_brussel;2030;F;10128.357920357668
bewoonde_geïsoleerde_woning_brussel;2030;Totaal;15069.496949684095
bewoonde_geïsoleerde_woning_brussel;2031;A;0.0
bewoonde_geïsoleerde_woning_brussel;2031;B;0.0
bewoonde_geïsoleerde_woning_brussel;2031;C;105.36625778652105
bewoonde_geïsoleerde_woning_brussel;2031;D;506.2963337317466
bewoonde_geïsoleerde_woning_brussel;2031;E;4381.80903711573
bewoonde_geïsoleerde_woning_brussel;2031;F;10239.563113238615
bewoonde_geïsoleerde_woning_brussel;2031;Totaal;15233.034741872612
bewoonde_geïsoleerde_woning_vlaanderen;2026;A;11.600000000000001
bewoonde_geïsoleerde_woning_vlaanderen;2026;B;196.39999999999998
bewoonde_geïsoleerde_woning_vlaanderen;2026;C;1335.8
bewoonde_geïsoleerde_woning_vlaanderen;2026;D;3256.4
bewoonde_geïsoleerde_woning_vlaanderen;2026;E;10019.4
bewoonde_geïsoleerde_woning_vlaanderen;2026;F;12705.400000000001
bewoonde_geïsoleerde_woning_vlaanderen;2026;Totaal;27525.0
bewoonde_geïsoleerde_woning_vlaanderen;2027;A;11.658660830846047
bewoonde_geïsoleerde_woning_vlaanderen;2027;B;199.05195061629686
bewoonde_geïsoleerde_woning_vlaanderen;2027;C;1352.3191607333986
bewoonde_geïsoleerde_woning_vlaanderen;2027;D;3309.835148776331
bewoonde_geïsoleerde_woning_vlaanderen;2027;E;10186.98864348591
bewoonde_geïsoleerde_woning_vlaanderen;2027;F;12960.796593579153
bewoonde_geïsoleerde_woning_vlaanderen;2027;Totaal;28020.650158021937
bewoonde_geïsoleerde_woning_vlaanderen;2028;A;11.71852587297945
bewoonde_geïsoleerde_woning_vlaanderen;2028;B;201.7748628933455
bewoonde_geïsoleerde_woning_vlaanderen;2028;C;1369.2218598616525
bewoonde_geïsoleerde_woning_vlaanderen;2028;D;3364.9275464512953
bewoonde_geïsoleerde_woning_vlaanderen;2028;E;10361.08009170214
bewoonde_geïsoleerde_woning_vlaanderen;2028;F;13230.025657413864
bewoonde_geïsoleerde_woning_vlaanderen;2028;Totaal;28538.748544195278
bewoonde_geïsoleerde_woning_vlaanderen;2029;A;11.779660024232783
bewoonde_geïsoleerde_woning_vlaanderen;2029;B;204.57252214662904
bewoonde_geïsoleerde_woning_vlaanderen;2029;C;1386.5265162138903
bewoonde_geïsoleerde_woning_vlaanderen;2029;D;3421.7665938081536
bewoonde_geïsoleerde_woning_vlaanderen;2029;E;10542.099095136275
bewoonde_geïsoleerde_woning_vlaanderen;2029;F;13514.297753823525
bewoonde_geïsoleerde_woning_vlaanderen;2029;Totaal;29081.042141152706
bewoonde_geïsoleerde_woning_vlaanderen;2030;A;11.84213239692786
bewoonde_geïsoleerde_woning_vlaanderen;2030;B;207.44898221556866
bewoonde_geïsoleerde_woning_vlaanderen;2030;C;1404.2527424400125
bewoonde_geïsoleerde_woning_vlaanderen;2030;D;3480.4475646256897
bewoonde_geïsoleerde_woning_vlaanderen;2030;E;10730.501742154484
bewoonde_geïsoleerde_woning_vlaanderen;2030;F;13814.941506924297
bewoonde_geïsoleerde_woning_vlaanderen;2030;Totaal;29649.43467075698
bewoonde_geïsoleerde_woning_vlaanderen;2031;A;11.906016596440079
bewoonde_geïsoleerde_woning_vlaanderen;2031;B;210.40858581882122
bewoonde_geïsoleerde_woning_vlaanderen;2031;C;1422.4214276465134
bewoonde_geïsoleerde_woning_vlaanderen;2031;D;3541.0720099977793
bewoonde_geïsoleerde_woning_vlaanderen;2031;E;10926.777824429848
bewoonde_geïsoleerde_woning_vlaanderen;2031;F;14133.41550910779
bewoonde_geïsoleerde_woning_vlaanderen;2031;Totaal;30246.00137359719
bewoonde_niet_geïsoleerde_woning_brussel;2026;A;0.0
bewoonde_niet_geïsoleerde_woning_brussel;2026;B;0.0
bewoonde_niet_geïsoleerde_woning_brussel;2026;C;1901.7532754477506
bewoonde_niet_geïsoleerde_woning_brussel;2026;D;9045.458588949728
bewoonde_niet_geïsoleerde_woning_brussel;2026;E;79061.1630711489
bewoonde_niet_geïsoleerde_woning_brussel;2026;F;184235.0745579187
bewoonde_niet_geïsoleerde_woning_brussel;2026;Totaal;274243.4494934651
bewoonde_niet_geïsoleerde_woning_brussel;2027;A;0.0
bewoonde_niet_geïsoleerde_woning_brussel;2027;B;0.0
bewoonde_niet_geïsoleerde_woning_brussel;2027;C;1921.3787806059552
bewoonde_niet_geïsoleerde_woning_brussel;2027;D;9157.424899876354
bewoonde_niet_geïsoleerde_woning_brussel;2027;E;79882.50833826282
bewoonde_niet_geïsoleerde_woning_brussel;2027;F;186249.4644652938
bewoonde_niet_geïsoleerde_woning_brussel;2027;Totaal;277210.7764840389
bewoonde_niet_geïsoleerde_woning_brussel;2028;A;0.0
bewoonde_niet_geïsoleerde_woning_brussel;2028;B;0.0
bewoonde_niet_geïsoleerde_woning_brussel;2028;C;1941.2099001152417
bewoonde_niet_geïsoleerde_woning_brussel;2028;D;9270.806903954703
bewoonde_niet_geïsoleerde_woning_brussel;2028;E;80712.41192554403
bewoonde_niet_geïsoleerde_woning_brussel;2028;F;188288.0047268707
bewoonde_niet_geïsoleerde_woning_brussel;2028;Totaal;280212.4334564847
bewoonde_niet_geïsoleerde_woning_brussel;2029;A;0.0
bewoonde_niet_geïsoleerde_woning_brussel;2029;B;0.0
bewoonde_niet_geïsoleerde_woning_brussel;2029;C;1961.2488175359006
bewoonde_niet_geïsoleerde_woning_brussel;2029;D;9385.622808796712
bewoonde_niet_geïsoleerde_woning_brussel;2029;E;81550.96327298312
bewoonde_niet_geïsoleerde_woning_brussel;2029;F;190351.0102847679
bewoonde_niet_geïsoleerde_woning_brussel;2029;Totaal;283248.8451840836
bewoonde_niet_geïsoleerde_woning_brussel;2030;A;0.0
bewoonde_niet_geïsoleerde_woning_brussel;2030;B;0.0
bewoonde_niet_geïsoleerde_woning_brussel;2030;C;1981.4977398955289
bewoonde_niet_geïsoleerde_woning_brussel;2030;D;9501.891059326104
bewoonde_niet_geïsoleerde_woning_brussel;2030;E;82398.25275798047
bewoonde_niet_geïsoleerde_woning_brussel;2030;F;192438.80048679566
bewoonde_niet_geïsoleerde_woning_brussel;2030;Totaal;286320.44204399775
bewoonde_niet_geïsoleerde_woning_brussel;2031;A;0.0
bewoonde_niet_geïsoleerde_woning_brussel;2031;B;0.0
bewoonde_niet_geïsoleerde_woning_brussel;2031;C;2001.958897943899
bewoonde_niet_geïsoleerde_woning_brussel;2031;D;9619.630340903184
bewoonde_niet_geïsoleerde_woning_brussel;2031;E;83254.37170519885
bewoonde_niet_geïsoleerde_woning_brussel;2031;F;194551.69915153366
bewoonde_niet_geïsoleerde_woning_brussel;2031;Totaal;289427.6600955796
bewoonde_niet_geïsoleerde_woning_vlaanderen;2026;A;46.400000000000006
bewoonde_niet_geïsoleerde_woning_vlaanderen;2026;B;785.5999999999999
bewoonde_niet_geïsoleerde_woning_vlaanderen;2026;C;5343.200000000001
bewoonde_niet_geïsoleerde_woning_vlaanderen;2026;D;13025.6
bewoonde_niet_geïsoleerde_woning_vlaanderen;2026;E;40077.600000000006
bewoonde_niet_geïsoleerde_woning_vlaanderen;2026;F;50821.600000000006
bewoonde_niet_geïsoleerde_woning_vlaanderen;2026;Totaal;110100.00000000001
bewoonde_niet_geïsoleerde_woning_vlaanderen;2027;A;46.5947844511551
bewoonde_niet_geïsoleerde_woning_vlaanderen;2027;B;794.8924547556695
bewoonde_niet_geïsoleerde_woning_vlaanderen;2027;C;5401.439976542251
bewoonde_niet_geïsoleerde_woning_vlaanderen;2027;D;13186.635109972833
bewoonde_niet_geïsoleerde_woning_vlaanderen;2027;E;40492.591402733124
bewoonde_niet_geïsoleerde_woning_vlaanderen;2027;F;51402.84800406671
bewoonde_niet_geïsoleerde_woning_vlaanderen;2027;Totaal;111325.00173252175
bewoonde_niet_geïsoleerde_woning_vlaanderen;2028;A;46.79152635099618
bewoonde_niet_geïsoleerde_woning_vlaanderen;2028;B;804.3398125543807
bewoonde_niet_geïsoleerde_woning_vlaanderen;2028;C;5460.52059426372
bewoonde_niet_geïsoleerde_woning_vlaanderen;2028;D;13349.936899225162
bewoonde_niet_geïsoleerde_woning_vlaanderen;2028;E;40911.89152517892
bewoonde_niet_geïsoleerde_woning_vlaanderen;2028;F;51991.46592363004
bewoonde_niet_geïsoleerde_woning_vlaanderen;2028;Totaal;112564.94628120323
bewoonde_niet_geïsoleerde_woning_vlaanderen;2029;A;46.99029476538026
bewoonde_niet_geïsoleerde_woning_vlaanderen;2029;B;813.9470202811522
bewoonde_niet_geïsoleerde_woning_vlaanderen;2029;C;5520.465571727822
bewoonde_niet_geïsoleerde_woning_vlaanderen;2029;D;13515.551420872078
bewoonde_niet_geïsoleerde_woning_vlaanderen;2029;E;41335.54522308187
bewoonde_niet_geïsoleerde_woning_vlaanderen;2029;F;52587.55561538364
bewoonde_niet_geïsoleerde_woning_vlaanderen;2029;Totaal;113820.05514611193
bewoonde_niet_geïsoleerde_woning_vlaanderen;2030;A;47.191162997717306
bewoonde_niet_geïsoleerde_woning_vlaanderen;2030;B;823.7193108331701
bewoonde_niet_geïsoleerde_woning_vlaanderen;2030;C;5581.299886510103
bewoonde_niet_geïsoleerde_woning_vlaanderen;2030;D;13683.526428790761
bewoonde_niet_geïsoleerde_woning_vlaanderen;2030;E;41763.5978203877
bewoonde_niet_geïsoleerde_woning_vlaanderen;2030;F;53191.220437722965
bewoonde_niet_geïsoleerde_woning_vlaanderen;2030;Totaal;115090.55504724242
bewoonde_niet_geïsoleerde_woning_vlaanderen;2031;A;47.39420886766215
bewoonde_niet_geïsoleerde_woning_vlaanderen;2031;B;833.6622237589609
bewoonde_niet_geïsoleerde_woning_vlaanderen;2031;C;5643.049858683611
bewoonde_niet_geïsoleerde_woning_vlaanderen;2031;D;13853.911471465794
bewoonde_niet_geïsoleerde_woning_vlaanderen;2031;E;42196.09511414317
bewoonde_niet_geïsoleerde_woning_vlaanderen;2031;F;53802.565273905
bewoonde_niet_geïsoleerde_woning_vlaanderen;2031;Totaal;116376.6781508242
gehinderde_personen_met_isolatie;2026;A;44.533135674600004
gehinderde_personen_met_isolatie;2026;B;583.4963402156
gehinderde_personen_met_isolatie;2026;C;4315.290295161204
gehinderde_personen_met_isolatie;2026;D;10569.069449126819
gehinderde_personen_met_isolatie;2026;E;41299.99300570066
gehinderde_personen_met_isolatie;2026;F;62308.64513353813
gehinderde_personen_met_isolatie;2026;Totaal;119121.02735941701
gehinderde_personen_met_isolatie;2027;A;44.6531782590811
gehinderde_personen_met_isolatie;2027;B;591.4123594372028
gehinderde_personen_met_isolatie;2027;C;4369.149445028209
gehinderde_personen_met_isolatie;2027;D;10735.37799946168
gehinderde_personen_met_isolatie;2027;E;41913.92912090859
gehinderde_personen_met_isolatie;2027;F;63312.62070811144
gehinderde_personen_met_isolatie;2027;Totaal;120967.14281120621
gehinderde_personen_met_isolatie;2028;A;44.77568512224886
gehinderde_personen_met_isolatie;2028;B;599.5382327345956
gehinderde_personen_met_isolatie;2028;C;4424.247919150472
gehinderde_personen_met_isolatie;2028;D;10906.474496186172
gehinderde_personen_met_isolatie;2028;E;42548.09829627946
gehinderde_personen_met_isolatie;2028;F;64358.53579828061
gehinderde_personen_met_isolatie;2028;Totaal;122881.67042775356
gehinderde_personen_met_isolatie;2029;A;44.90078906998818
gehinderde_personen_met_isolatie;2029;B;607.8851979633608
gehinderde_personen_met_isolatie;2029;C;4480.6445975800725
gehinderde_personen_met_isolatie;2029;D;11082.606479838692
gehinderde_personen_met_isolatie;2029;E;43203.74882509978
gehinderde_personen_met_isolatie;2029;F;65449.796748563385
gehinderde_personen_met_isolatie;2029;Totaal;124869.58263811527
gehinderde_personen_met_isolatie;2030;A;45.02863153264721
gehinderde_personen_met_isolatie;2030;B;616.4652946755554
gehinderde_personen_met_isolatie;2030;C;4538.40217762139
gehinderde_personen_met_isolatie;2030;D;11264.037537751028
gehinderde_personen_met_isolatie;2030;E;43882.22014058173
gehinderde_personen_met_isolatie;2030;F;66590.13808941568
gehinderde_personen_met_isolatie;2030;Totaal;126936.29187157803
gehinderde_personen_met_isolatie;2031;A;45.159363135087
gehinderde_personen_met_isolatie;2031;B;625.2914250953938
gehinderde_personen_met_isolatie;2031;C;4597.587439333998
gehinderde_personen_met_isolatie;2031;D;11451.048403436858
gehinderde_personen_met_isolatie;2031;E;44584.94967938165
gehinderde_personen_met_isolatie;2031;F;67783.6555567336
gehinderde_personen_met_isolatie;2031;Totaal;129087.69186711659
gehinderde_personen_zonder_isolatie;2026;A;178.13254269840002
gehinderde_personen_zonder_isolatie;2026;B;2333.9853608624
gehinderde_personen_zonder_isolatie;2026;C;21560.281893920794
gehinderde_personen_zonder_isolatie;2026;D;62719.96466437448
gehinderde_personen_zonder_isolatie;2026;E;346336.4127568668
gehinderde_personen_zonder_isolatie;2026;F;653809.0399331308
gehinderde_personen_zonder_isolatie;2026;Totaal;1086937.8171518536
gehinderde_personen_zonder_isolatie;2027;A;178.53114647874463
gehinderde_personen_zonder_isolatie;2027;B;2361.755430058726
gehinderde_personen_zonder_isolatie;2027;C;21795.453811653224
gehinderde_personen_zonder_isolatie;2027;D;63492.709109161435
gehinderde_personen_zonder_isolatie;2027;E;349930.09785770724
gehinderde_personen_zonder_isolatie;2027;F;661019.2624626672
gehinderde_personen_zonder_isolatie;2027;Totaal;1098777.8098177265
gehinderde_personen_zonder_isolatie;2028;A;178.93375595072138
gehinderde_personen_zonder_isolatie;2028;B;2389.9805762219557
gehinderde_personen_zonder_isolatie;2028;C;22033.86287327139
gehinderde_personen_zonder_isolatie;2028;D;64275.877849909506
gehinderde_personen_zonder_isolatie;2028;E;353561.1789701752
gehinderde_personen_zonder_isolatie;2028;F;668316.9740563103
gehinderde_personen_zonder_isolatie;2028;Totaal;1110756.808081839
gehinderde_personen_zonder_isolatie;2029;A;179.34051244959363
gehinderde_personen_zonder_isolatie;2029;B;2418.6753186078413
gehinderde_personen_zonder_isolatie;2029;C;22275.591145025
gehinderde_personen_zonder_isolatie;2029;D;65069.65492940271
gehinderde_personen_zonder_isolatie;2029;E;357230.0463393788
gehinderde_personen_zonder_isolatie;2029;F;675703.3311747415
gehinderde_personen_zonder_isolatie;2029;Totaal;1122876.6394196055
gehinderde_personen_zonder_isolatie;2030;A;179.7515659822852
gehinderde_personen_zonder_isolatie;2030;B;2447.8550258854066
gehinderde_personen_zonder_isolatie;2030;C;22520.724794665693
gehinderde_personen_zonder_isolatie;2030;D;65874.23005478492
gehinderde_personen_zonder_isolatie;2030;E;360937.09429413266
gehinderde_personen_zonder_isolatie;2030;F;683179.5066675984
gehinderde_personen_zonder_isolatie;2030;Totaal;1135139.1624030494
gehinderde_personen_zonder_isolatie;2031;A;180.167075797691
gehinderde_personen_zonder_isolatie;2031;B;2477.5359778640905
gehinderde_personen_zonder_isolatie;2031;C;22769.35436062982
gehinderde_personen_zonder_isolatie;2031;D;66689.79888370665
gehinderde_personen_zonder_isolatie;2031;E;364682.7212898078
gehinderde_personen_zonder_isolatie;2031;F;690746.6900182755
gehinderde_personen_zonder_isolatie;2031;Totaal;1147546.2676060817
niet_bewoonde_geïsoleerde_woning_brussel;2026;A;0.0
niet_bewoonde_geïsoleerde_woning_brussel;2026;B;0.0
niet_bewoonde_geïsoleerde_woning_brussel;2026;C;0.0
niet_bewoonde_geïsoleerde_woning_brussel;2026;D;0.0
niet_bewoonde_geïsoleerde_woning_brussel;2026;E;0.0
niet_bewoonde_geïsoleerde_woning_brussel;2026;F;0.0
niet_bewoonde_geïsoleerde_woning_brussel;2026;Totaal;0.0
niet_bewoonde_geïsoleerde_woning_brussel;2027;A;0.0
niet_bewoonde_geïsoleerde_woning_brussel;2027;B;0.0
niet_bewoonde_geïsoleerde_woning_brussel;2027;C;0.0
niet_bewoonde_geïsoleerde_woning_brussel;2027;D;0.0
niet_bewoonde_geïsoleerde_woning_brussel;2027;E;0.0
niet_bewoonde_geïsoleerde_woning_brussel;2027;F;0.0
niet_bewoonde_geïsoleerde_woning_brussel;2027;Totaal;0.0
niet_bewoonde_geïsoleerde_woning_brussel;2028;A;0.0
niet_bewoonde_geïsoleerde_woning_brussel;2028;B;0.0
niet_bewoonde_geïsoleerde_woning_brussel;2028;C;0.0
niet_bewoonde_geïsoleerde_woning_brussel;2028;D;0.0
niet_bewoonde_geïsoleerde_woning_brussel;2028;E;0.0
niet_bewoonde_geïsoleerde_woning_brussel;2028;F;0.0
niet_bewoonde_geïsoleerde_woning_brussel;2028;Totaal;0.0
niet_bewoonde_geïsoleerde_woning_brussel;2029;A;0.0
niet_bewoonde_geïsoleerde_woning_brussel;2029;B;0.0
niet_bewoonde_geïsoleerde_woning_brussel;2029;C;0.0
niet_bewoonde_geïsoleerde_woning_brussel;2029;D;0.0
niet_bewoonde_geïsoleerde_woning_brussel;2029;E;0.0
niet_bewoonde_geïsoleerde_woning_brussel;2029;F;0.0
niet_bewoonde_geïsoleerde_woning_brussel;2029;Totaal;0.0
niet_bewoonde_geïsoleerde_woning_brussel;2030;A;0.0
niet_bewoonde_geïsoleerde_woning_brussel;2030;B;0.0
niet_bewoonde_geïsoleerde_woning_brussel;2030;C;0.0
niet_bewoonde_geïsoleerde_woning_brussel;2030;D;0.0
niet_bewoonde_geïsoleerde_woning_brussel;2030;E;0.0
niet_bewoonde_geïsoleerde_woning_brussel;2030;F;0.0
niet_bewoonde_geïsoleerde_woning_brussel;2030;Totaal;0.0
niet_bewoonde_geïsoleerde_woning_brussel;2031;A;0.0
niet_bewoonde_geïsoleerde_woning_brussel;2031;B;0.0
niet_bewoonde_geïsoleerde_woning_brussel;2031;C;0.0
niet_bewoonde_geïsoleerde_woning_brussel;2031;D;0.0
niet_bewoonde_geïsoleerde_woning_brussel;2031;E;0.0
niet_bewoonde_geïsoleerde_woning_brussel;2031;F;0.0
niet_bewoonde_geïsoleerde_woning_brussel;2031;Totaal;0.0
niet_bewoonde_geïsoleerde_woning_vlaanderen;2026;A;0.0
niet_bewoonde_geïsoleerde_woning_vlaanderen;2026;B;0.0
niet_bewoonde_geïsoleerde_woning_vlaanderen;2026;C;0.0
niet_bewoonde_geïsoleerde_woning_vlaanderen;2026;D;0.0
niet_bewoonde_geïsoleerde_woning_vlaanderen;2026;E;0.0
niet_bewoonde_geïsoleerde_woning_vlaanderen;2026;F;0.0
niet_bewoonde_geïsoleerde_woning_vlaanderen;2026;Totaal;0.0
niet_bewoonde_geïsoleerde_woning_vlaanderen;2027;A;0.0
niet_bewoonde_geïsoleerde_woning_vlaanderen;2027;B;0.0
niet_bewoonde_geïsoleerde_woning_vlaanderen;2027;C;0.0
niet_bewoonde_geïsoleerde_woning_vlaanderen;2027;D;0.0
niet_bewoonde_geïsoleerde_woning_vlaanderen;2027;E;0.0
niet_bewoonde_geïsoleerde_woning_vlaanderen;2027;F;0.0
niet_bewoonde_geïsoleerde_woning_vlaanderen;2027;Totaal;0.0
niet_bewoonde_geïsoleerde_woning_vlaanderen;2028;A;0.0
niet_bewoonde_geïsoleerde_woning_vlaanderen;2028;B;0.0
niet_bewoonde_geïsoleerde_woning_vlaanderen;2028;C;0.0
niet_bewoonde_geïsoleerde_woning_vlaanderen;2028;D;0.0
niet_bewoonde_geïsoleerde_woning_vlaanderen;2028;E;0.0
niet_bewoonde_geïsoleerde_woning_vlaanderen;2028;F;0.0
niet_bewoonde_geïsoleerde_woning_vlaanderen;2028;Totaal;0.0
niet_bewoonde_geïsoleerde_woning_vlaanderen;2029;A;0.0
niet_bewoonde_geïsoleerde_woning_vlaanderen;2029;B;0.0
niet_bewoonde_geïsoleerde_woning_vlaanderen;2029;C;0.0
niet_bewoonde_geïsoleerde_woning_vlaanderen;2029;D;0.0
niet_bewoonde_geïsoleerde_woning_vlaanderen;2029;E;0.0
niet_bewoonde_geïsoleerde_woning_vlaanderen;2029;F;0.0
niet_bewoonde_geïsoleerde_woning_vlaanderen;2029;Totaal;0.0
niet_bewoonde_geïsoleerde_woning_vlaanderen;2030;A;0.0
niet_bewoonde_geïsoleerde_woning_vlaanderen;2030;B;0.0
niet_bewoonde_geïsoleerde_woning_vlaanderen;2030;C;0.0
niet_bewoonde_geïsoleerde_woning_vlaanderen;2030;D;0.0
niet_bewoonde_geïsoleerde_woning_vlaanderen;2030;E;0.0
niet_bewoonde_geïsoleerde_woning_vlaanderen;2030;F;0.0
niet_bewoonde_geïsoleerde_woning_vlaanderen;2030;Totaal;0.0
niet_bewoonde_geïsoleerde_woning_vlaanderen;2031;A;0.0
niet_bewoonde_geïsoleerde_woning_vlaanderen;2031;B;0.0
niet_bewoonde_geïsoleerde_woning_vlaanderen;2031;C;0.0
niet_bewoonde_geïsoleerde_woning_vlaanderen;2031;D;0.0
niet_bewoonde_geïsoleerde_woning_vlaanderen;2031;E;0.0
niet_bewoonde_geïsoleerde_woning_vlaanderen;2031;F;0.0
niet_bewoonde_geïsoleerde_woning_vlaanderen;2031;Totaal;0.0
niet_bewoonde_niet_geïsoleerde_woning_brussel;2026;A;0.0
niet_bewoonde_niet_geïsoleerde_woning_brussel;2026;B;0.0
niet_bewoonde_niet_geïsoleerde_woning_brussel;2026;C;0.0
niet_bewoonde_niet_geïsoleerde_woning_brussel;2026;D;0.0
niet_bewoonde_niet_geïsoleerde_woning_brussel;2026;E;0.0
niet_bewoonde_niet_geïsoleerde_woning_brussel;2026;F;0.0
niet_bewoonde_niet_geïsoleerde_woning_brussel;2026;Totaal;0.0
niet_bewoonde_niet_geïsoleerde_woning_brussel;2027;A;0.0
niet_bewoonde_niet_geïsoleerde_woning_brussel;2027;B;0.0
niet_bewoonde_niet_geïsoleerde_woning_brussel;2027;C;0.0
niet_bewoonde_niet_geïsoleerde_woning_brussel;2027;D;0.0
niet_bewoonde_niet_geïsoleerde_woning_brussel;2027;E;0.0
niet_bewoonde_niet_geïsoleerde_woning_brussel;2027;F;0.0
niet_bewoonde_niet_geïsoleerde_woning_brussel;2027;Totaal;0.0
niet_bewoonde_niet_geïsoleerde_woning_brussel;2028;A;0.0
niet_bewoonde_niet_geïsoleerde_woning_brussel;2028;B;0.0
niet_bewoonde_niet_geïsoleerde_woning_brussel;2028;C;0.0
niet_bewoonde_niet_geïsoleerde_woning_brussel;2028;D;0.0
niet_bewoonde_niet_geïsoleerde_woning_brussel;2028;E;0.0
niet_bewoonde_niet_geïsoleerde_woning_brussel;2028;F;0.0
niet_bewoonde_niet_geïsoleerde_woning_brussel;2028;Totaal;0.0
niet_bewoonde_niet_geïsoleerde_woning_brussel;2029;A;0.0
niet_bewoonde_niet_geïsoleerde_woning_brussel;2029;B;0.0
niet_bewoonde_niet_geïsoleerde_woning_brussel;2029;C;0.0
niet_bewoonde_niet_geïsoleerde_woning_brussel;2029;D;0.0
niet_bewoonde_niet_geïsoleerde_woning_brussel;2029;E;0.0
niet_bewoonde_niet_geïsoleerde_woning_brussel;2029;F;0.0
niet_bewoonde_niet_geïsoleerde_woning_brussel;2029;Totaal;0.0
niet_bewoonde_niet_geïsoleerde_woning_brussel;2030;A;0.0
niet_bewoonde_niet_geïsoleerde_woning_brussel;2030;B;0.0
niet_bewoonde_niet_geïsoleerde_woning_brussel;2030;C;0.0
niet_bewoonde_niet_geïsoleerde_woning_brussel;2030;D;0.0
niet_bewoonde_niet_geïsoleerde_woning_brussel;2030;E;0.0
niet_bewoonde_niet_geïsoleerde_woning_brussel;2030;F;0.0
niet_bewoonde_niet_geïsoleerde_woning_brussel;2030;Totaal;0.0
niet_bewoonde_niet_geïsoleerde_woning_brussel;2031;A;0.0
niet_bewoonde_niet_geïsoleerde_woning_brussel;2031;B;0.0
niet_bewoonde_niet_geïsoleerde_woning_brussel;2031;C;0.0
niet_bewoonde_niet_geïsoleerde_woning_brussel;2031;D;0.0
niet_bewoonde_niet_geïsoleerde_woning_brussel;2031;E;0.0
niet_bewoonde_niet_geïsoleerde_woning_brussel;2031;F;0.0
niet_bewoonde_niet_geïsoleerde_woning_brussel;2031;Totaal;0.0
niet_bewoonde_niet_geïsoleerde_woning_vlaanderen;2026;A;0.0
niet_bewoonde_niet_geïsoleerde_woning_vlaanderen;2026;B;0.0
niet_bewoonde_niet_geïsoleerde_woning_vlaanderen;2026;C;0.0
niet_bewoonde_niet_geïsoleerde_woning_vlaanderen;2026;D;0.0
niet_bewoonde_niet_geïsoleerde_woning_vlaanderen;2026;E;0.0
niet_bewoonde_niet_geïsoleerde_woning_vlaanderen;2026;F;0.0
niet_bewoonde_niet_geïsoleerde_woning_vlaanderen;2026;Totaal;0.0
niet_bewoonde_niet_geïsoleerde_woning_vlaanderen;2027;A;0.0
niet_bewoonde_niet_geïsoleerde_woning_vlaanderen;2027;B;0.0
niet_bewoonde_niet_geïsoleerde_woning_vlaanderen;2027;C;0.0
niet_bewoonde_niet_geïsoleerde_woning_vlaanderen;2027;D;0.0
niet_bewoonde_niet_geïsoleerde_woning_vlaanderen;2027;E;0.0
niet_bewoonde_niet_geïsoleerde_woning_vlaanderen;2027;F;0.0
niet_bewoonde_niet_geïsoleerde_woning_vlaanderen;2027;Totaal;0.0
niet_bewoonde_niet_geïsoleerde_woning_vlaanderen;2028;A;0.0
niet_bewoonde_niet_geïsoleerde_woning_vlaanderen;2028;B;0.0
niet_bewoonde_niet_geïsoleerde_woning_vlaanderen;2028;C;0.0
niet_bewoonde_niet_geïsoleerde_woning_vlaanderen;2028;D;0.0
niet_bewoonde_niet_geïsoleerde_woning_vlaanderen;2028;E;0.0
niet_bewoonde_niet_geïsoleerde_woning_vlaanderen;2028;F;0.0
niet_bewoonde_niet_geïsoleerde_woning_vlaanderen;2028;Totaal;0.0
niet_bewoonde_niet_geïsoleerde_woning_vlaanderen;2029;A;0.0
niet_bewoonde_niet_geïsoleerde_woning_vlaanderen;2029;B;0.0
niet_bewoonde_niet_geïsoleerde_woning_vlaanderen;2029;C;0.0
niet_bewoonde_niet_geïsoleerde_woning_vlaanderen;2029;D;0.0
niet_bewoonde_niet_geïsoleerde_woning_vlaanderen;2029;E;0.0
niet_bewoonde_niet_geïsoleerde_woning_vlaanderen;2029;F;0.0
niet_bewoonde_niet_geïsoleerde_woning_vlaanderen;2029;Totaal;0.0
niet_bewoonde_niet_geïsoleerde_woning_vlaanderen;2030;A;0.0
niet_bewoonde_niet_geïsoleerde_woning_vlaanderen;2030;B;0.0
niet_bewoonde_niet_geïsoleerde_woning_vlaanderen;2030;C;0.0
niet_bewoonde_niet_geïsoleerde_woning_vlaanderen;2030;D;0.0
niet_bewoonde_niet_geïsoleerde_woning_vlaanderen;2030;E;0.0
niet_bewoonde_niet_geïsoleerde_woning_vlaanderen;2030;F;0.0
niet_bewoonde_niet_geïsoleerde_woning_vlaanderen;2030;Totaal;0.0
niet_bewoonde_niet_geïsoleerde_woning_vlaanderen;2031;A;0.0
niet_bewoonde_niet_geïsoleerde_woning_vlaanderen;2031;B;0.0
niet_bewoonde_niet_geïsoleerde_woning_vlaanderen;2031;C;0.0
niet_bewoonde_niet_geïsoleerde_woning_vlaanderen;2031;D;0.0
niet_bewoonde_niet_geïsoleerde_woning_vlaanderen;2031;E;0.0
niet_bewoonde_niet_geïsoleerde_woning_vlaanderen;2031;F;0.0
niet_bewoonde_niet_geïsoleerde_woning_vlaanderen;2031;Totaal;0.0
nieuwe_woning_brussel;2026;A;0.0
nieuwe_woning_brussel;2026;B;0.0
nieuwe_woning_brussel;2026;C;0.0
nieuwe_woning_brussel;2026;D;0.0
nieuwe_woning_brussel;2026;E;0.0
nieuwe_woning_brussel;2026;F;0.0
nieuwe_woning_brussel;2026;Totaal;0.0
nieuwe_woning_brussel;2027;A;0.0
nieuwe_woning_brussel;2027;B;0.0
nieuwe_woning_brussel;2027;C;0.0
nieuwe_woning_brussel;2027;D;0.0
nieuwe_woning_brussel;2027;E;0.0
nieuwe_woning_brussel;2027;F;0.0
nieuwe_woning_brussel;2027;Totaal;0.0
nieuwe_woning_brussel;2028;A;0.0
nieuwe_woning_brussel;2028;B;0.0
nieuwe_woning_brussel;2028;C;0.0
nieuwe_woning_brussel;2028;D;0.0
nieuwe_woning_brussel;2028;E;0.0
nieuwe_woning_brussel;2028;F;0.0
nieuwe_woning_brussel;2028;Totaal;0.0
nieuwe_woning_brussel;2029;A;0.0
nieuwe_woning_brussel;2029;B;0.0
nieuwe_woning_brussel;2029;C;0.0
nieuwe_woning_brussel;2029;D;0.0
nieuwe_woning_brussel;2029;E;0.0
nieuwe_woning_brussel;2029;F;0.0
nieuwe_woning_brussel;2029;Totaal;0.0
nieuwe_woning_brussel;2030;A;0.0
nieuwe_woning_brussel;2030;B;0.0
nieuwe_woning_brussel;2030;C;0.0
nieuwe_woning_brussel;2030;D;0.0
nieuwe_woning_brussel;2030;E;0.0
nieuwe_woning_brussel;2030;F;0.0
nieuwe_woning_brussel;2030;Totaal;0.0
nieuwe_woning_brussel;2031;A;0.0
nieuwe_woning_brussel;2031;B;0.0
nieuwe_woning_brussel;2031;C;0.0
nieuwe_woning_brussel;2031;D;0.0
nieuwe_woning_brussel;2031;E;0.0
nieuwe_woning_brussel;2031;F;0.0
nieuwe_woning_brussel;2031;Totaal;0.0
nieuwe_woning_vlaanderen;2026;A;0.0
nieuwe_woning_vlaanderen;2026;B;0.0
nieuwe_woning_vlaanderen;2026;C;0.0
nieuwe_woning_vlaanderen;2026;D;0.0
nieuwe_woning_vlaanderen;2026;E;0.0
nieuwe_woning_vlaanderen;2026;F;0.0
nieuwe_woning_vlaanderen;2026;Totaal;0.0
nieuwe_woning_vlaanderen;2027;A;0.0
nieuwe_woning_vlaanderen;2027;B;0.0
nieuwe_woning_vlaanderen;2027;C;0.0
nieuwe_woning_vlaanderen;2027;D;0.0
nieuwe_woning_vlaanderen;2027;E;0.0
nieuwe_woning_vlaanderen;2027;F;0.0
nieuwe_woning_vlaanderen;2027;Totaal;0.0
nieuwe_woning_vlaanderen;2028;A;0.0
nieuwe_woning_vlaanderen;2028;B;0.0
nieuwe_woning_vlaanderen;2028;C;0.0
nieuwe_woning_vlaanderen;2028;D;0.0
nieuwe_woning_vlaanderen;2028;E;0.0
nieuwe_woning_vlaanderen;2028;F;0.0
nieuwe_woning_vlaanderen;2028;Totaal;0.0
nieuwe_woning_vlaanderen;2029;A;0.0
nieuwe_woning_vlaanderen;2029;B;0.0
nieuwe_woning_vlaanderen;2029;C;0.0
nieuwe_woning_vlaanderen;2029;D;0.0
nieuwe_woning_vlaanderen;2029;E;0.0
nieuwe_woning_vlaanderen;2029;F;0.0
nieuwe_woning_vlaanderen;2029;Totaal;0.0
nieuwe_woning_vlaanderen;2030;A;0.0
nieuwe_woning_vlaanderen;2030;B;0.0
nieuwe_woning_vlaanderen;2030;C;0.0
nieuwe_woning_vlaanderen;2030;D;0.0
nieuwe_woning_vlaanderen;2030;E;0.0
nieuwe_woning_vlaanderen;2030;F;0.0
nieuwe_woning_vlaanderen;2030;Totaal;0.0
nieuwe_woning_vlaanderen;2031;A;0.0
nieuwe_woning_vlaanderen;2031;B;0.0
nieuwe_woning_vlaanderen;2031;C;0.0
nieuwe_woning_vlaanderen;2031;D;0.0
nieuwe_woning_vlaanderen;2031;E;0.0
nieuwe_woning_vlaanderen;2031;F;0.0
nieuwe_woning_vlaanderen;2031;Totaal;0.0
onbebouwde_bebouwbare_percelen_brussel;2026;A;0.0
onbebouwde_bebouwbare_percelen_brussel;2026;B;0.0
onbebouwde_bebouwbare_percelen_brussel;2026;C;0.0
onbebouwde_bebouwbare_percelen_brussel;2026;D;0.0
onbebouwde_bebouwbare_percelen_brussel;2026;E;0.0
onbebouwde_bebouwbare_percelen_brussel;2026;F;0.0
onbebouwde_bebouwbare_percelen_brussel;2026;Totaal;0.0
onbebouwde_bebouwbare_percelen_brussel;2027;A;0.0
onbebouwde_bebouwbare_percelen_brussel;2027;B;0.0
onbebouwde_bebouwbare_percelen_brussel;2027;C;0.0
onbebouwde_bebouwbare_percelen_brussel;2027;D;0.0
onbebouwde_bebouwbare_percelen_brussel;2027;E;0.0
onbebouwde_bebouwbare_percelen_brussel;2027;F;0.0
onbebouwde_bebouwbare_percelen_brussel;2027;Totaal;0.0
onbebouwde_bebouwbare_percelen_brussel;2028;A;0.0
onbebouwde_bebouwbare_percelen_brussel;2028;B;0.0
onbebouwde_bebouwbare_percelen_brussel;2028;C;0.0
onbebouwde_bebouwbare_percelen_brussel;2028;D;0.0
onbebouwde_bebouwbare_percelen_brussel;2028;E;0.0
onbebouwde_bebouwbare_percelen_brussel;2028;F;0.0
onbebouwde_bebouwbare_percelen_brussel;2028;Totaal;0.0
onbebouwde_bebouwbare_percelen_brussel;2029;A;0.0
onbebouwde_bebouwbare_percelen_brussel;2029;B;0.0
onbebouwde_bebouwbare_percelen_brussel;2029;C;0.0
onbebouwde_bebouwbare_percelen_brussel;2029;D;0.0
onbebouwde_bebouwbare_percelen_brussel;2029;E;0.0
onbebouwde_bebouwbare_percelen_brussel;2029;F;0.0
onbebouwde_bebouwbare_percelen_brussel;2029;Totaal;0.0
onbebouwde_bebouwbare_percelen_brussel;2030;A;0.0
onbebouwde_bebouwbare_percelen_brussel;2030;B;0.0
onbebouwde_bebouwbare_percelen_brussel;2030;C;0.0
onbebouwde_bebouwbare_percelen_brussel;2030;D;0.0
onbebouwde_bebouwbare_percelen_brussel;2030;E;0.0
onbebouwde_bebouwbare_percelen_brussel;2030;F;0.0
onbebouwde_bebouwbare_percelen_brussel;2030;Totaal;0.0
onbebouwde_bebouwbare_percelen_brussel;2031;A;0.0
onbebouwde_bebouwbare_percelen_brussel;2031;B;0.0
onbebouwde_bebouwbare_percelen_brussel;2031;C;0.0
onbebouwde_bebouwbare_percelen_brussel;2031;D;0.0
onbebouwde_bebouwbare_percelen_brussel;2031;E;0.0
onbebouwde_bebouwbare_percelen_brussel;2031;F;0.0
onbebouwde_bebouwbare_percelen_brussel;2031;Totaal;0.0
onbebouwde_bebouwbare_percelen_vlaanderen;2026;A;4.0
onbebouwde_bebouwbare_percelen_vlaanderen;2026;B;58.0
onbebouwde_bebouwbare_percelen_vlaanderen;2026;C;303.0
onbebouwde_bebouwbare_percelen_vlaanderen;2026;D;931.0
onbebouwde_bebouwbare_percelen_vlaanderen;2026;E;3105.0
onbebouwde_bebouwbare_percelen_vlaanderen;2026;F;3704.0
onbebouwde_bebouwbare_percelen_vlaanderen;2026;Totaal;8105.0
onbebouwde_bebouwbare_percelen_vlaanderen;2027;A;4.2648181469907644
onbebouwde_bebouwbare_percelen_vlaanderen;2027;B;63.026990644526165
onbebouwde_bebouwbare_percelen_vlaanderen;2027;C;326.72987911229205
onbebouwde_bebouwbare_percelen_vlaanderen;2027;D;994.2083191252228
onbebouwde_bebouwbare_percelen_vlaanderen;2027;E;3335.3955497318593
onbebouwde_bebouwbare_percelen_vlaanderen;2027;F;4072.9174966419278
onbebouwde_bebouwbare_percelen_vlaanderen;2027;Totaal;8796.543053402818
onbebouwde_bebouwbare_percelen_vlaanderen;2028;A;4.5471684567254345
onbebouwde_bebouwbare_percelen_vlaanderen;2028;B;68.43719942685745
onbebouwde_bebouwbare_percelen_vlaanderen;2028;C;352.1153950285203
onbebouwde_bebouwbare_percelen_vlaanderen;2028;D;1061.6973145445043
onbebouwde_bebouwbare_percelen_vlaanderen;2028;E;3582.9776386241774
onbebouwde_bebouwbare_percelen_vlaanderen;2028;F;4479.012744277195
onbebouwde_bebouwbare_percelen_vlaanderen;2028;Totaal;9548.78746035798
onbebouwde_bebouwbare_percelen_vlaanderen;2029;A;4.8482116379166555
onbebouwde_bebouwbare_percelen_vlaanderen;2029;B;74.26016113855819
onbebouwde_bebouwbare_percelen_vlaanderen;2029;C;379.2729910626512
onbebouwde_bebouwbare_percelen_vlaanderen;2029;D;1133.7595510757499
onbebouwde_bebouwbare_percelen_vlaanderen;2029;E;3849.0350785665996
onbebouwde_bebouwbare_percelen_vlaanderen;2029;F;4926.102258297494
onbebouwde_bebouwbare_percelen_vlaanderen;2029;Totaal;10367.27825177897
onbebouwde_bebouwbare_percelen_vlaanderen;2030;A;5.169185243459693
onbebouwde_bebouwbare_percelen_vlaanderen;2030;B;80.52769105500333
onbebouwde_bebouwbare_percelen_vlaanderen;2030;C;408.32732320132976
onbebouwde_bebouwbare_percelen_vlaanderen;2030;D;1210.7077534815216
onbebouwde_bebouwbare_percelen_vlaanderen;2030;E;4134.953831041166
onbebouwde_bebouwbare_percelen_vlaanderen;2030;F;5418.401410336548
onbebouwde_bebouwbare_percelen_vlaanderen;2030;Totaal;11258.087194359028
onbebouwde_bebouwbare_percelen_vlaanderen;2031;A;5.511408757865943
onbebouwde_bebouwbare_percelen_vlaanderen;2031;B;87.27406143161328
onbebouwde_bebouwbare_percelen_vlaanderen;2031;C;439.41184114297806
onbebouwde_bebouwbare_percelen_vlaanderen;2031;D;1292.8762058603313
onbebouwde_bebouwbare_percelen_vlaanderen;2031;E;4442.224367269013
onbebouwde_bebouwbare_percelen_vlaanderen;2031;F;5960.566819621204
onbebouwde_bebouwbare_percelen_vlaanderen;2031;Totaal;12227.864704083006
onbebouwde_onbebouwbare_percelen_brussel;2026;A;0.0
onbebouwde_onbebouwbare_percelen_brussel;2026;B;0.0
onbebouwde_onbebouwbare_percelen_brussel;2026;C;0.0
onbebouwde_onbebouwbare_percelen_brussel;2026;D;0.0
onbebouwde_onbebouwbare_percelen_brussel;2026;E;0.0
onbebouwde_onbebouwbare_percelen_brussel;2026;F;0.0
onbebouwde_onbebouwbare_percelen_brussel;2026;Totaal;0.0
onbebouwde_onbebouwbare_percelen_brussel;2027;A;0.0
onbebouwde_onbebouwbare_percelen_brussel;2027;B;0.0
onbebouwde_onbebouwbare_percelen_brussel;2027;C;0.0
onbebouwde_onbebouwbare_percelen_brussel;2027;D;0.0
onbebouwde_onbebouwbare_percelen_brussel;2027;E;0.0
onbebouwde_onbebouwbare_percelen_brussel;2027;F;0.0
onbebouwde_onbebouwbare_percelen_brussel;2027;Totaal;0.0
onbebouwde_onbebouwbare_percelen_brussel;2028;A;0.0
onbebouwde_onbebouwbare_percelen_brussel;2028;B;0.0
onbebouwde_onbebouwbare_percelen_brussel;2028;C;0.0
onbebouwde_onbebouwbare_percelen_brussel;2028;D;0.0
onbebouwde_onbebouwbare_percelen_brussel;2028;E;0.0
onbebouwde_onbebouwbare_percelen_brussel;2028;F;0.0
onbebouwde_onbebouwbare_percelen_brussel;2028;Totaal;0.0
onbebouwde_onbebouwbare_percelen_brussel;2029;A;0.0
onbebouwde_onbebouwbare_percelen_brussel;2029;B;0.0
onbebouwde_onbebouwbare_percelen_brussel;2029;C;0.0
onbebouwde_onbebouwbare_percelen_brussel;2029;D;0.0
onbebouwde_onbebouwbare_percelen_brussel;2029;E;0.0
onbebouwde_onbebouwbare_percelen_brussel;2029;F;0.0
onbebouwde_onbebouwbare_percelen_brussel;2029;Totaal;0.0
onbebouwde_onbebouwbare_percelen_brussel;2030;A;0.0
onbebouwde_onbebouwbare_percelen_brussel;2030;B;0.0
onbebouwde_onbebouwbare_percelen_brussel;2030;C;0.0
onbebouwde_onbebouwbare_percelen_brussel;2030;D;0.0
onbebouwde_onbebouwbare_percelen_brussel;2030;E;0.0
onbebouwde_onbebouwbare_percelen_brussel;2030;F;0.0
onbebouwde_onbebouwbare_percelen_brussel;2030;Totaal;0.0
onbebouwde_onbebouwbare_percelen_brussel;2031;A;0.0
onbebouwde_onbebouwbare_percelen_brussel;2031;B;0.0
onbebouwde_onbebouwbare_percelen_brussel;2031;C;0.0
onbebouwde_onbebouwbare_percelen_brussel;2031;D;0.0
onbebouwde_onbebouwbare_percelen_brussel;2031;E;0.0
onbebouwde_onbebouwbare_percelen_brussel;2031;F;0.0
onbebouwde_onbebouwbare_percelen_brussel;2031;Totaal;0.0
onbebouwde_onbebouwbare_percelen_vlaanderen;2026;A;12.0
onbebouwde_onbebouwbare_percelen_vlaanderen;2026;B;174.0
onbebouwde_onbebouwbare_percelen_vlaanderen;2026;C;909.0
onbebouwde_onbebouwbare_percelen_vlaanderen;2026;D;2793.0
onbebouwde_onbebouwbare_percelen_vlaanderen;2026;E;9315.0
onbebouwde_onbebouwbare_percelen_vlaanderen;2026;F;11112.0
onbebouwde_onbebouwbare_percelen_vlaanderen;2026;Totaal;24315.0
onbebouwde_onbebouwbare_percelen_vlaanderen;2027;A;12.0
onbebouwde_onbebouwbare_percelen_vlaanderen;2027;B;173.4
onbebouwde_onbebouwbare_percelen_vlaanderen;2027;C;906.4
onbebouwde_onbebouwbare_percelen_vlaanderen;2027;D;2792.2000000000003
onbebouwde_onbebouwbare_percelen_vlaanderen;2027;E;9315.0
onbebouwde_onbebouwbare_percelen_vlaanderen;2027;F;11109.599999999999
onbebouwde_onbebouwbare_percelen_vlaanderen;2027;Totaal;24308.6
onbebouwde_onbebouwbare_percelen_vlaanderen;2028;A;12.0
onbebouwde_onbebouwbare_percelen_vlaanderen;2028;B;172.80310315430523
onbebouwde_onbebouwbare_percelen_vlaanderen;2028;C;903.8081497109572
onbebouwde_onbebouwbare_percelen_vlaanderen;2028;D;2791.4003387289995
onbebouwde_onbebouwbare_percelen_vlaanderen;2028;E;9315.0
onbebouwde_onbebouwbare_percelen_vlaanderen;2028;F;11107.200900077483
onbebouwde_onbebouwbare_percelen_vlaanderen;2028;Totaal;24302.212491671744
onbebouwde_onbebouwbare_percelen_vlaanderen;2029;A;12.0
onbebouwde_onbebouwbare_percelen_vlaanderen;2029;B;172.20929294462144
onbebouwde_onbebouwbare_percelen_vlaanderen;2029;C;901.2244212815676
onbebouwde_onbebouwbare_percelen_vlaanderen;2029;D;2790.601016012226
onbebouwde_onbebouwbare_percelen_vlaanderen;2029;E;9315.0
onbebouwde_onbebouwbare_percelen_vlaanderen;2029;F;11104.802699813186
onbebouwde_onbebouwbare_percelen_vlaanderen;2029;Totaal;24295.8374300516
onbebouwde_onbebouwbare_percelen_vlaanderen;2030;A;12.0
onbebouwde_onbebouwbare_percelen_vlaanderen;2030;B;171.61855294264407
onbebouwde_onbebouwbare_percelen_vlaanderen;2030;C;898.648786963295
onbebouwde_onbebouwbare_percelen_vlaanderen;2030;D;2789.8020316750158
onbebouwde_onbebouwbare_percelen_vlaanderen;2030;E;9315.0
onbebouwde_onbebouwbare_percelen_vlaanderen;2030;F;11102.405398788065
onbebouwde_onbebouwbare_percelen_vlaanderen;2030;Totaal;24289.47477036902
onbebouwde_onbebouwbare_percelen_vlaanderen;2031;A;12.0
onbebouwde_onbebouwbare_percelen_vlaanderen;2031;B;171.030866809559
onbebouwde_onbebouwbare_percelen_vlaanderen;2031;C;896.0812191099666
onbebouwde_onbebouwbare_percelen_vlaanderen;2031;D;2789.003385542813
onbebouwde_onbebouwbare_percelen_vlaanderen;2031;E;9315.0
onbebouwde_onbebouwbare_percelen_vlaanderen;2031;F;11100.008996583301
onbebouwde_onbebouwbare_percelen_vlaanderen;2031;Totaal;24283.12446804564
perceel_eigendom_overheid_brussel;2026;A;0.0
perceel_eigendom_overheid_brussel;2026;B;0.0
perceel_eigendom_overheid_brussel;2026;C;0.0
perceel_eigendom_overheid_brussel;2026;D;0.0
perceel_eigendom_overheid_brussel;2026;E;0.0
perceel_eigendom_overheid_brussel;2026;F;0.0
perceel_eigendom_overheid_brussel;2026;Totaal;0.0
perceel_eigendom_overheid_brussel;2027;A;0.0
perceel_eigendom_overheid_brussel;2027;B;0.0
perceel_eigendom_overheid_brussel;2027;C;0.0
perceel_eigendom_overheid_brussel;2027;D;0.0
perceel_eigendom_overheid_brussel;2027;E;0.0
perceel_eigendom_overheid_brussel;2027;F;0.0
perceel_eigendom_overheid_brussel;2027;Totaal;0.0
perceel_eigendom_overheid_brussel;2028;A;0.0
perceel_eigendom_overheid_brussel;2028;B;0.0
perceel_eigendom_overheid_brussel;2028;C;0.0
perceel_eigendom_overheid_brussel;2028;D;0.0
perceel_eigendom_overheid_brussel;2028;E;0.0
perceel_eigendom_overheid_brussel;2028;F;0.0
perceel_eigendom_overheid_brussel;2028;Totaal;0.0
perceel_eigendom_overheid_brussel;2029;A;0.0
perceel_eigendom_overheid_brussel;2029;B;0.0
perceel_eigendom_overheid_brussel;2029;C;0.0
perceel_eigendom_overheid_brussel;2029;D;0.0
perceel_eigendom_overheid_brussel;2029;E;0.0
perceel_eigendom_overheid_brussel;2029;F;0.0
perceel_eigendom_overheid_brussel;2029;Totaal;0.0
perceel_eigendom_overheid_brussel;2030;A;0.0
perceel_eigendom_overheid_brussel;2030;B;0.0
perceel_eigendom_overheid_brussel;2030;C;0.0
perceel_eigendom_overheid_brussel;2030;D;0.0
perceel_eigendom_overheid_brussel;2030;E;0.0
perceel_eigendom_overheid_brussel;2030;F;0.0
perceel_eigendom_overheid_brussel;2030;Totaal;0.0
perceel_eigendom_overheid_brussel;2031;A;0.0
perceel_eigendom_overheid_brussel;2031;B;0.0
perceel_eigendom_overheid_brussel;2031;C;0.0
perceel_eigendom_overheid_brussel;2031;D;0.0
perceel_eigendom_overheid_brussel;2031;E;0.0
perceel_eigendom_overheid_brussel;2031;F;0.0
perceel_eigendom_overheid_brussel;2031;Totaal;0.0
perceel_eigendom_overheid_vlaanderen;2026;A;0.0
perceel_eigendom_overheid_vlaanderen;2026;B;0.0
perceel_eigendom_overheid_vlaanderen;2026;C;0.0
perceel_eigendom_overheid_vlaanderen;2026;D;0.0
perceel_eigendom_overheid_vlaanderen;2026;E;0.0
perceel_eigendom_overheid_vlaanderen;2026;F;0.0
perceel_eigendom_overheid_vlaanderen;2026;Totaal;0.0
perceel_eigendom_overheid_vlaanderen;2027;A;0.0
perceel_eigendom_overheid_vlaanderen;2027;B;0.0
perceel_eigendom_overheid_vlaanderen;2027;C;0.0
perceel_eigendom_overheid_vlaanderen;2027;D;0.0
perceel_eigendom_overheid_vlaanderen;2027;E;0.0
perceel_eigendom_overheid_vlaanderen;2027;F;0.0
perceel_eigendom_overheid_vlaanderen;2027;Totaal;0.0
perceel_eigendom_overheid_vlaanderen;2028;A;0.0
perceel_eigendom_overheid_vlaanderen;2028;B;0.0
perceel_eigendom_overheid_vlaanderen;2028;C;0.0
perceel_eigendom_overheid_vlaanderen;2028;D;0.0
perceel_eigendom_overheid_vlaanderen;2028;E;0.0
perceel_eigendom_overheid_vlaanderen;2028;F;0.0
perceel_eigendom_overheid_vlaanderen;2028;Totaal;0.0
perceel_eigendom_overheid_vlaanderen;2029;A;0.0
perceel_eigendom_overheid_vlaanderen;2029;B;0.0
perceel_eigendom_overheid_vlaanderen;2029;C;0.0
perceel_eigendom_overheid_vlaanderen;2029;D;0.0
perceel_eigendom_overheid_vlaanderen;2029;E;0.0
perceel_eigendom_overheid_vlaanderen;2029;F;0.0
perceel_eigendom_overheid_vlaanderen;2029;Totaal;0.0
perceel_eigendom_overheid_vlaanderen;2030;A;0.0
perceel_eigendom_overheid_vlaanderen;2030;B;0.0
perceel_eigendom_overheid_vlaanderen;2030;C;0.0
perceel_eigendom_overheid_vlaanderen;2030;D;0.0
perceel_eigendom_overheid_vlaanderen;2030;E;0.0
perceel_eigendom_overheid_vlaanderen;2030;F;0.0
perceel_eigendom_overheid_vlaanderen;2030;Totaal;0.0
perceel_eigendom_overheid_vlaanderen;2031;A;0.0
perceel_eigendom_overheid_vlaanderen;2031;B;0.0
perceel_eigendom_overheid_vlaanderen;2031;C;0.0
perceel_eigendom_overheid_vlaanderen;2031;D;0.0
perceel_eigendom_overheid_vlaanderen;2031;E;0.0
perceel_eigendom_overheid_vlaanderen;2031;F;0.0
perceel_eigendom_overheid_vlaanderen;2031;Totaal;0.0
totaal_gehinderde_personen;2026;A;222.66567837300002
totaal_gehinderde_personen;2026;B;2917.481701078
totaal_gehinderde_personen;2026;C;25875.572189082
totaal_gehinderde_personen;2026;D;73289.0341135013
totaal_gehinderde_personen;2026;E;387636.4057625674
totaal_gehinderde_personen;2026;F;716117.685066669
totaal_gehinderde_personen;2026;Totaal;1206058.8445112708
totaal_gehinderde_personen;2027;A;223.18432473782573
totaal_gehinderde_personen;2027;B;2953.1677894959284
totaal_gehinderde_personen;2027;C;26164.60325668144
totaal_gehinderde_personen;2027;D;74228.0871086231
totaal_gehinderde_personen;2027;E;391844.02697861585
totaal_gehinderde_personen;2027;F;724331.8831707787
totaal_gehinderde_personen;2027;Totaal;1219744.952628933
totaal_gehinderde_personen;2028;A;223.70944107297024
totaal_gehinderde_personen;2028;B;2989.5188089565513
totaal_gehinderde_personen;2028;C;26458.110792421867
totaal_gehinderde_personen;2028;D;75182.3523460957
totaal_gehinderde_personen;2028;E;396109.27726645465
totaal_gehinderde_personen;2028;F;732675.509854591
totaal_gehinderde_personen;2028;Totaal;1233638.4785095928
totaal_gehinderde_personen;2029;A;224.2413015195818
totaal_gehinderde_personen;2029;B;3026.560516571202
totaal_gehinderde_personen;2029;C;26756.235742605077
totaal_gehinderde_personen;2029;D;76152.26140924142
totaal_gehinderde_personen;2029;E;400433.7951644786
totaal_gehinderde_personen;2029;F;741153.1279233048
totaal_gehinderde_personen;2029;Totaal;1247746.2220577206
totaal_gehinderde_personen;2030;A;224.78019751493238
totaal_gehinderde_personen;2030;B;3064.3203205609625
totaal_gehinderde_personen;2030;C;27059.12697228709
totaal_gehinderde_personen;2030;D;77138.26759253595
totaal_gehinderde_personen;2030;E;404819.3144347144
totaal_gehinderde_personen;2030;F;749769.644757014
totaal_gehinderde_personen;2030;Totaal;1262075.4542746274
totaal_gehinderde_personen;2031;A;225.32643893277802
totaal_gehinderde_personen;2031;B;3102.827402959485
totaal_gehinderde_personen;2031;C;27366.941799963817
totaal_gehinderde_personen;2031;D;78140.84728714351
totaal_gehinderde_personen;2031;E;409267.6709691895
totaal_gehinderde_personen;2031;F;758530.3455750091
totaal_gehinderde_personen;2031;Totaal;1276633.9594731983
totaal_gehinderde_personen_brussel;2026;A;0.0
totaal_gehinderde_personen_brussel;2026;B;0.0
totaal_gehinderde_personen_brussel;2026;C;5732.160951034637
totaal_gehinderde_personen_brussel;2026;D;27258.249157156286
totaal_gehinderde_personen_brussel;2026;E;241515.2543120855
totaal_gehinderde_personen_brussel;2026;F;539432.6125319712
totaal_gehinderde_personen_brussel;2026;Totaal;813938.2769522476
totaal_gehinderde_personen_brussel;2027;A;0.0
totaal_gehinderde_personen_brussel;2027;B;0.0
totaal_gehinderde_personen_brussel;2027;C;5791.08101037688
totaal_gehinderde_personen_brussel;2027;D;27594.00929473504
totaal_gehinderde_personen_brussel;2027;E;244023.8897529714
totaal_gehinderde_personen_brussel;2027;F;545322.8559561226
totaal_gehinderde_personen_brussel;2027;Totaal;822731.8360142059
totaal_gehinderde_personen_brussel;2028;A;0.0
totaal_gehinderde_personen_brussel;2028;B;0.0
totaal_gehinderde_personen_brussel;2028;C;5850.616283126064
totaal_gehinderde_personen_brussel;2028;D;27933.99529213286
totaal_gehinderde_personen_brussel;2028;E;246558.6598562799
totaal_gehinderde_personen_brussel;2028;F;551283.6604927809
totaal_gehinderde_personen_brussel;2028;Totaal;831626.9319243197
totaal_gehinderde_personen_brussel;2029;A;0.0
totaal_gehinderde_personen_brussel;2029;B;0.0
totaal_gehinderde_personen_brussel;2029;C;5910.773285190513
totaal_gehinderde_personen_brussel;2029;D;28278.26126884037
totaal_gehinderde_personen_brussel;2029;E;249119.83768515085
totaal_gehinderde_personen_brussel;2029;F;557315.9459667174
totaal_gehinderde_personen_brussel;2029;Totaal;840624.8182058992
totaal_gehinderde_personen_brussel;2030;A;0.0
totaal_gehinderde_personen_brussel;2030;B;0.0
totaal_gehinderde_personen_brussel;2030;C;5971.558602376902
totaal_gehinderde_personen_brussel;2030;D;28626.8620469767
totaal_gehinderde_personen_brussel;2030;E;251707.69916394
totaal_gehinderde_personen_brussel;2030;F;563420.6450684225
totaal_gehinderde_personen_brussel;2030;Totaal;849726.7648817161
totaal_gehinderde_personen_brussel;2031;A;0.0
totaal_gehinderde_personen_brussel;2031;B;0.0
totaal_gehinderde_personen_brussel;2031;C;6032.978891148702
totaal_gehinderde_personen_brussel;2031;D;28979.85316050829
totaal_gehinderde_personen_brussel;2031;E;254322.52310828306
totaal_gehinderde_personen_brussel;2031;F;569598.7035441488
totaal_gehinderde_personen_brussel;2031;Totaal;858934.0587040889
totaal_gehinderde_personen_vlaanderen;2026;A;222.66567837300002
totaal_gehinderde_personen_vlaanderen;2026;B;2917.481701078
totaal_gehinderde_personen_vlaanderen;2026;C;20143.41123804736
totaal_gehinderde_personen_vlaanderen;2026;D;46030.784956345015
totaal_gehinderde_personen_vlaanderen;2026;E;146121.1514504819
totaal_gehinderde_personen_vlaanderen;2026;F;176685.07253469786
totaal_gehinderde_personen_vlaanderen;2026;Totaal;392120.56755902315
totaal_gehinderde_personen_vlaanderen;2027;A;223.18432473782573
totaal_gehinderde_personen_vlaanderen;2027;B;2953.1677894959284
totaal_gehinderde_personen_vlaanderen;2027;C;20373.522246304557
totaal_gehinderde_personen_vlaanderen;2027;D;46634.07781388807
totaal_gehinderde_personen_vlaanderen;2027;E;147820.13722564446
totaal_gehinderde_personen_vlaanderen;2027;F;179009.02721465615
totaal_gehinderde_personen_vlaanderen;2027;Totaal;397013.116614727
totaal_gehinderde_personen_vlaanderen;2028;A;223.70944107297024
totaal_gehinderde_personen_vlaanderen;2028;B;2989.5188089565513
totaal_gehinderde_personen_vlaanderen;2028;C;20607.4945092958
totaal_gehinderde_personen_vlaanderen;2028;D;47248.35705396283
totaal_gehinderde_personen_vlaanderen;2028;E;149550.61741017477
totaal_gehinderde_personen_vlaanderen;2028;F;181391.8493618101
totaal_gehinderde_personen_vlaanderen;2028;Totaal;402011.54658527306
totaal_gehinderde_personen_vlaanderen;2029;A;224.2413015195818
totaal_gehinderde_personen_vlaanderen;2029;B;3026.560516571202
totaal_gehinderde_personen_vlaanderen;2029;C;20845.462457414564
totaal_gehinderde_personen_vlaanderen;2029;D;47874.00014040105
totaal_gehinderde_personen_vlaanderen;2029;E;151313.9574793277
totaal_gehinderde_personen_vlaanderen;2029;F;183837.18195658736
totaal_gehinderde_personen_vlaanderen;2029;Totaal;407121.4038518215
totaal_gehinderde_personen_vlaanderen;2030;A;224.78019751493238
totaal_gehinderde_personen_vlaanderen;2030;B;3064.3203205609625
totaal_gehinderde_personen_vlaanderen;2030;C;21087.568369910186
totaal_gehinderde_personen_vlaanderen;2030;D;48511.405545559246
totaal_gehinderde_personen_vlaanderen;2030;E;153111.6152707744
totaal_gehinderde_personen_vlaanderen;2030;F;186348.99968859143
totaal_gehinderde_personen_vlaanderen;2030;Totaal;412348.68939291115
totaal_gehinderde_personen_vlaanderen;2031;A;225.32643893277802
totaal_gehinderde_personen_vlaanderen;2031;B;3102.827402959485
totaal_gehinderde_personen_vlaanderen;2031;C;21333.962908815116
totaal_gehinderde_personen_vlaanderen;2031;D;49160.99412663522
totaal_gehinderde_personen_vlaanderen;2031;E;154945.1478609064
totaal_gehinderde_personen_vlaanderen;2031;F;188931.64203086027
totaal_gehinderde_personen_vlaanderen;2031;Totaal;417699.90076910926
woning_eigendom_overheid_brussel;2026;A;0.0
woning_eigendom_overheid_brussel;2026;B;0.0
woning_eigendom_overheid_brussel;2026;C;0.0
woning_eigendom_overheid_brussel;2026;D;0.0
woning_eigendom_overheid_brussel;2026;E;0.0
woning_eigendom_overheid_brussel;2026;F;0.0
woning_eigendom_overheid_brussel;2026;Totaal;0.0
woning_eigendom_overheid_brussel;2027;A;0.0
woning_eigendom_overheid_brussel;2027;B;0.0
woning_eigendom_overheid_brussel;2027;C;0.0
woning_eigendom_overheid_brussel;2027;D;0.0
woning_eigendom_overheid_brussel;2027;E;0.0
woning_eigendom_overheid_brussel;2027;F;0.0
woning_eigendom_overheid_brussel;2027;Totaal;0.0
woning_eigendom_overheid_brussel;2028;A;0.0
woning_eigendom_overheid_brussel;2028;B;0.0
woning_eigendom_overheid_brussel;2028;C;0.0
woning_eigendom_overheid_brussel;2028;D;0.0
woning_eigendom_overheid_brussel;2028;E;0.0
woning_eigendom_overheid_brussel;2028;F;0.0
woning_eigendom_overheid_brussel;2028;Totaal;0.0
woning_eigendom_overheid_brussel;2029;A;0.0
woning_eigendom_overheid_brussel;2029;B;0.0
woning_eigendom_overheid_brussel;2029;C;0.0
woning_eigendom_overheid_brussel;2029;D;0.0
woning_eigendom_overheid_brussel;2029;E;0.0
woning_eigendom_overheid_brussel;2029;F;0.0
woning_eigendom_overheid_brussel;2029;Totaal;0.0
woning_eigendom_overheid_brussel;2030;A;0.0
woning_eigendom_overheid_brussel;2030;B;0.0
woning_eigendom_overheid_brussel;2030;C;0.0
woning_eigendom_overheid_brussel;2030;D;0.0
woning_eigendom_overheid_brussel;2030;E;0.0
woning_eigendom_overheid_brussel;2030;F;0.0
woning_eigendom_overheid_brussel;2030;Totaal;0.0
woning_eigendom_overheid_brussel;2031;A;0.0
woning_eigendom_overheid_brussel;2031;B;0.0
woning_eigendom_overheid_brussel;2031;C;0.0
woning_eigendom_overheid_brussel;2031;D;0.0
woning_eigendom_overheid_brussel;2031;E;0.0
woning_eigendom_overheid_brussel;2031;F;0.0
woning_eigendom_overheid_brussel;2031;Totaal;0.0
woning_eigendom_overheid_vlaanderen;2026;A;0.0
woning_eigendom_overheid_vlaanderen;2026;B;0.0
woning_eigendom_overheid_vlaanderen;2026;C;0.0
woning_eigendom_overheid_vlaanderen;2026;D;0.0
woning_eigendom_overheid_vlaanderen;2026;E;0.0
woning_eigendom_overheid_vlaanderen;2026;F;0.0
woning_eigendom_overheid_vlaanderen;2026;Totaal;0.0
woning_eigendom_overheid_vlaanderen;2027;A;0.0
woning_eigendom_overheid_vlaanderen;2027;B;0.0
woning_eigendom_overheid_vlaanderen;2027;C;0.0
woning_eigendom_overheid_vlaanderen;2027;D;0.0
woning_eigendom_overheid_vlaanderen;2027;E;0.0
woning_eigendom_overheid_vlaanderen;2027;F;0.0
woning_eigendom_overheid_vlaanderen;2027;Totaal;0.0
woning_eigendom_overheid_vlaanderen;2028;A;0.0
woning_eigendom_overheid_vlaanderen;2028;B;0.0
woning_eigendom_overheid_vlaanderen;2028;C;0.0
woning_eigendom_overheid_vlaanderen;2028;D;0.0
woning_eigendom_overheid_vlaanderen;2028;E;0.0
woning_eigendom_overheid_vlaanderen;2028;F;0.0
woning_eigendom_overheid_vlaanderen;2028;Totaal;0.0
woning_eigendom_overheid_vlaanderen;2029;A;0.0
woning_eigendom_overheid_vlaanderen;2029;B;0.0
woning_eigendom_overheid_vlaanderen;2029;C;0.0
woning_eigendom_overheid_vlaanderen;2029;D;0.0
woning_eigendom_overheid_vlaanderen;2029;E;0.0
woning_eigendom_overheid_vlaanderen;2029;F;0.0
woning_eigendom_overheid_vlaanderen;2029;Totaal;0.0
woning_eigendom_overheid_vlaanderen;2030;A;0.0
woning_eigendom_overheid_vlaanderen;2030;B;0.0
woning_eigendom_overheid_vlaanderen;2030;C;0.0
woning_eigendom_overheid_vlaanderen;2030;D;0.0
woning_eigendom_overheid_vlaanderen;2030;E;0.0
woning_eigendom_overheid_vlaanderen;2030;F;0.0
woning_eigendom_overheid_vlaanderen;2030;Totaal;0.0
woning_eigendom_overheid_vlaanderen;2031;A;0.0
woning_eigendom_overheid_vlaanderen;2031;B;0.0
woning_eigendom_overheid_vlaanderen;2031;C;0.0
woning_eigendom_overheid_vlaanderen;2031;D;0.0
woning_eigendom_overheid_vlaanderen;2031;E;0.0
woning_eigendom_overheid_vlaanderen;2031;F;0.0
woning_eigendom_overheid_vlaanderen;2031;Totaal;0.0
